source_id,reply_id,argument,claim,evidence,unverifiable_claim,verifiable_claim,reason,external_evidence,internal_evidence,sarcasm,toxic_language,text_x,text_y
1179324740290437120,1179329609533399040,1,1,0,1,1,0,0,0,1,0,"@KohlerTob @Philaux @Luisamneubauer Keine Sorge, die Welt geht nicht unter. Das Klima √§ndert sich stetig. Ich bin ein paar Jahre √§lter und habe schon versch. Weltuntergangs-Hysterien miterlebt: Sauerer Regen, Waldsterben, Ozonloch. Lasst euch nicht von Linksextremisten f√ºr deren pol. Agenda vor den Karren spannen.",
1177800608633495552,1177939568957542400,1,1,1,1,1,0,1,0,0,0,,"@MichaelBauer218 @spdbt Ich kann da nur Mais Video empfehlen: https://t.co/vFlgBF3B4R
Die Wissenschaftler haben genaue und sozialvertr√§gliche Pakete geschn√ºrt, Stichwort Klima-Dividende, die Politik muss es nur noch umsetzen. 
Selbst Wirtschaftsminister Altmaier hat einen Preis von 35‚Ç¨/t vorgeschlagen"
1178652466688282624,1178672519349460992,1,1,0,1,1,0,0,0,0,0,"@josef_lang @C_Emcke @tagesanzeiger @NZZ @NZZaS @claudia_blumer Also, ich find den Emcke-Beitrag auch prima, aber er ist, œÄ mal Handgelenk, ein Drittel so lang wie der ‚ÄûKurzbeitrag‚Äú √ºber Greta in der @NZZaS..",@thomas_ley @C_Emcke @tagesanzeiger @NZZ @NZZaS @claudia_blumer Die Emcke-These wandte ich auf die Berichterstattung zur Berner Demo an. (Das ist DAS Klima-CH-Politikum drei Wochen vor den CH-Wahlen.) Die Demo wird von der NZZ auff√§llig stiefm√ºtterlich behandelt. MfG JL
1177195856665153536,1177196648918859776,1,1,1,1,1,0,1,0,0,0,,"@Antiaktivist1 @klima_allianz @ConstZerger Das Klimaabkommen von Paris verpflichtet die globale Staatengemeinschaft zu #CO2 Da m√ºssen alle mitmachen. Und schauen Sie mal: Die Abholzung des Regenwaldes ist ein gro√ües Thema f√ºr uns: 
https://t.co/V8813rIvIo"
1179841091740344321,1179843596360540162,1,1,1,1,1,0,1,0,0,0,,
1177665284024541189,1177672553097248769,1,1,0,1,1,0,0,0,0,0,"6/6 Wie reagiert das Parteiensystem? Ist das ansatzweise verarbeitet bislang? Vielleicht nicht mal bei Gr√ºnen, ganz sicher nicht bei Union, SPD, FDP. Warten wir ab, ob nach Ende von D√ºrre und Klimakabinett diese Dominanz bleibt. Falls ja, werden viele Regeln neu geschrieben.",
1178785153050664961,1179000440492560385,1,1,1,1,1,0,1,0,0,0,,"@pip_news @alexfischer @nimmdenbus Aber ECHTE Klimaforscher sagen das Greta recht hat und das wir schon vor Jahren etwas h√§tten tun m√ºssen, also mal Kopf aus dem Arsch ziehen und was tun statt ein M√§dchen zu verteufeln. BTW Forscher sagen seit gut 20 Jahren dass das Klima in Gefahr ist wenn wir weiter machen"
1179465650210824192,1179478058631417857,1,1,0,1,1,0,0,0,0,0,,"@RainerBolle @ddominik10 @OliverJanich @TeamKenFM W√§re ja ganz witzig, wenn zumindest die Zahlen stimmen w√ºrden und nicht st√§ndig das globale mit dem lokalen Klima verglichen werden w√ºrde. Und nicht alles schon so oft widerlegt worden w√§re... Nette Schularbeit, da k√∂nnen solche Fehler passieren."
1179170375520997378,1179284301097164805,1,1,1,0,1,0,1,0,0,0,,"@Sonnen_Blume_ @Teich9 @TanjaSnow4 @ralftsch @gerhard_kramm @KsteinDr @OliverJanich Folgt man dem Link, ist eine der ersten Behauptungen, es g√§be ""keine Korrelation zwischen Temperatur und Kohlendioxid"". Das hatten wir hier bereits widerlegt: https://t.co/FyW56Dtzql. Auf Sachargumente wird aber nicht reagiert, sonst k√∂nnte die Falschaussage nun behoben werden."
1177137731241160704,1177142595413258241,1,1,1,0,1,1,0,0,0,0,,
1176952709095854080,1176953353529692160,1,1,0,1,1,0,0,0,0,0,,"@sebseb7 @welt #Krieg UND #Klimawandel sind menschengemacht. Das #Klima √§ndert sich nat√ºrlich st√§ndig, aber nicht so rasant wie jetzt, so dass wir Menschen uns dieser Ver√§nderung gar nicht anpassen k√∂nnen."
1177226327801417729,1177232537514627072,1,1,1,0,1,0,1,0,0,0,"@KonProg 10% von Schleswig-Holstein sind oder waren Moore. 

Bewirtschaftet ist die Trocken-Emission bei 75 t pro Jahr und Hektar (100x100m).

Gr√∂√ütes Problem w√§re der R√ºckkauf, da sich die meisten in Privatbesitz befinden. (Finanzproblem!) https://t.co/suUcRDF2ab","@KonProg Pro Deutschem ist also ca. 1 ha Wald mit 1000 B√§umen n√∂tig.

Pro Hektar Moor, dass nicht vom Staat zur√ºck gekauft und r√ºckbefeuchtet wird, werden 6,5 ha Wald als Ausgleich ben√∂tigt.

F√ºr komplette Klima-Neutralit√§t aufzuforsten:

820.000 Quadratkilometer Wald f√ºr 82 Mio. Deutsche https://t.co/jZaeiMfCGk"
1179368584646148097,1179369211170377732,1,1,0,0,1,0,0,0,1,0,,"@RoteMamba Weil das die Verderblichkeit von Lebensmitteln bei dem warmen Klima etwas mindert. Gut f√ºr dich, dass der K√ºhlschrank existiert xD"
1176861561899618305,1176991223564918785,1,1,0,1,1,0,0,0,0,0,Die Regierung will 100 Mrd. Euro ausgeben um CO2 zu mindern. Damit die Temperaturen nicht weiter steigen. Meine Frage an den Vizekanzler war: wieviel Grad bringen denn die 100 Mrd.? Antwort anh√∂ren. Lohnt sich. #Offenbarungseid #Staatsversagen #NurnochAfD https://t.co/vklcwyE2Kl,
1179126758815211521,1179131380917248001,1,1,0,0,1,0,0,0,1,0,"@Realist77470706 @albvalegreen @Luisamneubauer Die Dinos sind mit der Klimaver√§nderung eben nicht klar gekommen. Drum sind sie ausgestorben. 

Das Klima ist in st√§ndiger Ver√§nderung, allerdings war diese Ver√§nderung noch nie so schnell wie jetzt. Tendenz in der Zukunft immer noch schneller. Zeit zum Gew√∂hnen - leider nein.","@Realist77470706 @albvalegreen @Luisamneubauer Glaubst Du, die Historie sch√∂n &amp; bequem zu verbiegen ist eine echte L√∂sung f√ºr eine bevorstehende Klimaver√§nderung?

Zu jeder Zeit als sich das Klima auch nur ansatzweise schnell ver√§nderte, hatten Gattungen keine Chance, diese Ver√§nderungen mitzumachen sondern sind ausgestorben."
1177932700528910337,1177963394764349442,1,1,1,0,1,0,1,0,0,0,"@Ursula140619 @bazonline 500 Klima Forscher sagen etwas anderes.
Aber das sind eh alles nur Spinner und L√ºgner.

https://t.co/qRGSsxs1Ko",
1177155765678874625,1177157263389331456,1,1,0,1,1,0,0,0,0,0,"@Kapodistrias2 @Apfelwein2 @ginny60172172 @nulleberg Ich streite gar nicht ab das es Ver√§nderungen in der durchschnittlichen Globalen Temperatur gibt, gibt es schon seit Millionen von Jahren. Die Erde ist weder verbrannt noch explodiert. Aussterben von Arten hat es immer gegeben, sonst w√ºrden die Dinos noch immer hier rum laufen.",@KarlHei64031538 @Apfelwein2 @ginny60172172 @nulleberg Sie machen nur Wortklauberei. Nat√ºrlich gibt es Klima.
1177499376987430912,1177566821614018560,1,1,0,1,1,0,0,0,0,0,"""Ich m√∂chte keine Schulden machen auf Kosten der jungen Generation"" sagte @peteraltmaier gestern bei @maybritillner im @ZDF #SchwarzeNull üëç
https://t.co/o4F1fAYLfN","@INSMPresse @peteraltmaier @maybritillner @ZDF Macht er aber. Und zwar einen Haufen zuk√ºnftige Schulden bei der jungen Generation f√ºr Kosten aus der Begleichung von Klima- und Umweltsch√§den. Er ist schlie√ülich der gr√∂√üte Bremser bei der Energiewende.

Au√üerdem: der Staat kriegt aktuell auch noch Geld f√ºrs Schulden machen!"
1179894356259610624,1180028896802201602,1,1,0,0,1,0,0,0,0,0,,
1177126005116428288,1177126167360524289,1,1,0,1,1,0,0,0,0,0,"@neuewelt100 @EspendillerM @AfDimBundestag @AlternativeNRW @jafuernrw @MarcoGrber1 @Jochen_Haug @Renner_AfD Es geht auch gar nicht darum, was vor Millionen von Jahren war, es geht darum was jetzt ist und wie schnell sich das gerade √§ndert.","@neuewelt100 @EspendillerM @AfDimBundestag @AlternativeNRW @jafuernrw @MarcoGrber1 @Jochen_Haug @Renner_AfD Als sich das Klima am Ende des Pal√§ozoikums rasch √§nderte sind 90% aller Lebewesen ausgestorben. Wir k√∂nnen ja mal probieren, ob wir im Falle eines Falles zu den 10% oder zu den 90% geh√∂ren.

Und bevor wir das nicht genau wissen, w√ºrde ich die Finger vom Klimawandel lassen."
1177130737671245824,1177130823784501248,1,1,1,1,1,0,1,0,1,0,"@insm @haucap @VQuaschning 3/ 
Hier ein Beispiel f√ºr Clipping, also die GEZIELTE Auswahl von Daten aus der zugrunde liegenden Tabelle, welches @insm gerne verwendet: Ihre √úberschrift von Fakt #4 lautet ""Industrie f√§hrt Emissionen deutlich zur√ºck."". Um zu dieser Aussage zu kommen,...","@insm @haucap @VQuaschning 4/ ...vergleichen Sie 1990 [sic] mit 2017.
Auf der gleichen Datenbasis (https://t.co/JXnUFcyfKS) k√∂nnte ich ebenso 2012 mit 2017 vergleichen - und sagen ""Industrie steigert unweltsch√§dliche Emissionen um √ºber 2.000 Tonnen!"". Soviel zu Interpretation von Statistiken!"
1178039705063034881,1178281391857049601,1,1,0,0,1,0,0,0,0,0,,
1177331547411795969,1177335347971350528,1,1,1,1,1,1,1,0,0,0,Der @LinkeStaDDrat Tilo #Wirtz vergleicht allen Ernstes die angestrebte Ausrufung des #Klimanotstand|s - in erster Linie ein rein deklaratorischer Akt - mit den Notstandgesetzen der 1930er Jahre. Wie geschichtsvergessen kann man eigentlich sein? #StaDDrat https://t.co/hDtS3bG9dR,"@der_wolf_aus_dd @LinkeStaDDrat N√∂, da hat er halt Recht. Wer, was auch immer, als Notstand bezeichnet, der begibt sich halt in eine sprachliche N√§he. Das muss noch nicht mal der NS sein, gegen Notstandsgesetze ist schon die alte APO demonstrieren gegangen: https://t.co/ehUKX3IIUq"
1178315797728550912,1178316442166611968,1,1,0,0,1,0,0,0,0,0,@DerWahreErich Gabs dr√ºben Bananen?,"@AulusPlauzus Meines Wissens ben√∂tigen Bananen doch eher ein feucht-warmes Klima, um zu gedeihen!"
1179660960195317760,1179769351882379264,1,1,0,1,1,0,0,0,0,0,"Die #DeutscheEinheit ist erk√§mpft worden von Menschen, die von der Freiheit √ºberzeugt waren. Nicht von Menschen, die die Freiheit der Andersdenkenden mit Stiefeln treten wollen, wie viele in der AfD. Sie, Herr @Joerg_Meuthen , gef√§hrden die Deutsche Einheit https://t.co/9gxGSow0pb",
1176911642950606851,1176913408739987462,1,1,1,0,1,0,1,0,0,0,Das was ist. #Klimawandel https://t.co/hD3PslNTL8,"@worldnetnews Nur zur Info f√ºr die
die noch nie mit einem atmosph√§renkundigen #Physiker gesprochen haben:

""#Treibhausgase"" K√úHLEN die Erde
Sie w√§rmen sie also nicht

https://t.co/OpQ4ON96Fk

#Klimawandel #Klimaschutz #Klimakrise
#FridaysForFuture #FFF
#SPD #CDU #CSU #AfD #FDP https://t.co/S76y3aqrmb"
1178941707095887872,1179276403004596229,1,1,1,1,1,0,1,0,0,0,"Wer wissen m√∂chte, wie wir die #Klimakrise ausgel√∂st und welche politischen und wirtschaftlichen Entscheidungen dazu beigetragen haben, der sollte sich die Doku ""Die Erdzerst√∂rer"" ansehen.
Vielleicht statt ""#Nuhr im Ersten"".

https://t.co/AMBoq9MAMh",
1177150704173101056,1177155221140754432,1,1,1,1,1,1,0,0,0,0,,
1176079213495037953,1178911267798634497,1,1,1,0,1,0,1,0,0,0,"@Fridays4future @ManuelGrebe @gri_mm Und hier gleich noch ein d√ºsterer globaler Ausblick. Es verschei√üt eigentlich jedes Land, jeder Kontinent und jede Gesellschaft.

https://t.co/PZWUZtLKEG","@Fridays4future @ManuelGrebe @gri_mm Die n√§chsten Experten, die bezweifeln, dass die Menschheit die Klimakatastrophe noch verhindern wird.

https://t.co/Fm2biInVPR"
1177627215154032640,1177646329784340481,1,1,0,1,1,0,0,0,0,0,,
1179759483578470400,1179853907461324800,1,1,0,1,1,0,0,0,0,0,"@razerrath @WernerFuchs_CH @solarpapst @DB_Bahn @glouki @VCDeV @sciforfuture @PIK_Klima @maithi_nk @Luisamneubauer @carla_reemtsma 
Aber am besten hilft nicht, sondern nur ausreichend ist akzeptabel, u. da sind 15% besser vs. Diesel in ca. 14 Jahren zu wenig.
Korean., chin., jap. Strommix bei der Batterie-Herstellung beachten. https://t.co/fBeXnTuV6U","@robschuchmann @razerrath @WernerFuchs_CH @solarpapst @DB_Bahn @VCDeV @sciforfuture @PIK_Klima @maithi_nk @Luisamneubauer @carla_reemtsma Ist die Frage, wo man hinschaut. Die Hersteller m√ºssen es nat√ºrlich so wie Tesla machen: klimaneutrale Fertigung durch Solaranlagen, die die Energie bereit stellen. Dann sieht die Rechnung schon ganz anders aus."
1177556441818980352,1177557239118389249,1,1,0,1,1,0,0,0,0,0,"@sixtus @fdp @c_lindner V√∂llig korrekt! Aber es braucht auch einen Mechanismus wie sich bereits gut bekannte (Solar, E-Auto), absehbare (Wasserstoff, CCS) und noch unbekannte Innovationen durchsetzen!

Und ein Emissionshandel mit festem Deckel und entsprechenden CO2 Preis ist EIN Mittel dazu.","@sixtus @fdp @c_lindner Und das hat durchaus auch Anh√§nger in der Wissenschaft, zB Edenhofer vom @PIK_Klima, @SVR_Wirtschaft u andere. 

Klar, es gibt andere Wege (Subvention, Ordnungsrecht usw) aber ich verstehe nicht warum man nicht anerkennen kann, das @fdp sehr wohl ein Konzept hat Ziele einzuhalten"
1178570181955801089,1178604111454978048,1,1,1,1,1,0,1,0,0,0,"Was ich bei dieser ganzen CO2-Hysterie nicht checke:
B√§ume und Pflanzen brauchen CO2, um zu leben. Wir brauchen B√§ume, damit diese wiederum Sauerstoff f√ºr uns herstellen.

W√§re es da nicht viel schlauer, nicht den CO2-Aussto√ü zu stoppen sondern stattdessen mehr B√§ume zu pflanzen?",
1177224377202630660,1177316876822515712,1,1,0,1,1,0,0,0,0,0,"Wenn man sich zu 7. in ein 30 Quadratmeter Passivhaus mit Holz-Solar Heizung quetscht. Keine Verkehrsmittel nutzt, kein Geld f√ºr Konsumg√ºter ausgibt, und sich Bio-Regional-Saisonal-Vegan ern√§hrt, dann ist man im Budget. Ihr wisst was zu tun ist! https://t.co/je2hG1Cy5Q","@gnomus Das mit Abstand wichtigste &amp; auf lange Sicht einzig wichtige Verhaltensdetail ist die Anzahl Kinder. Genau dies ist aus d.Diskussion ausgeklammert.
Bspl Klima-Posterchild Bangladesh, Flaechenverlust pro Kopf seit 1950:
wg Bevoelkerungswachstum 73%
wg steigender Meeresspiegel 0%"
1177164660384157696,1177167711551610880,1,1,0,1,1,0,0,0,0,0,"Ob beim Klimaschutz, bei der L√∂sung aktueller Krisen oder bei der Abr√ºstung: ‚ÄûWir k√∂nnen es uns nicht l√§nger leisten, nicht nachhaltig zu handeln‚Äú, so AM @HeikoMaas in seiner Rede vor der @UN-Generalversammlung. Was das f√ºr Deutschland bedeutet: https://t.co/oXO3V1RkoR",
1177575701576323072,1177587321010565121,1,1,0,1,1,0,0,0,0,0,"@cloudwhistler @Friday4Hubraum @FridayForFuture Lies bitte richtig, ich habe nichts gegen #FFF. Ich finde deren Anliegen gut. Solange sie nicht gegen Autos hetzen.",@juliefromspb @Friday4Hubraum @FridayForFuture Es geht um die Diffamierung. Und die l√§uft. Wer hetzt denn da? Es ist leider objektivierbar dass Autos nicht gut f√ºr das Klima sind. Sorry for that fact. Und Mal Butter bei die Fische! Wenn jeder untertourig fahren w√ºrde k√∂nnten bestimmt 20% eingespart werden. Wer macht da mit???
1178313996098838528,1178539270539272192,1,1,0,1,1,0,0,0,1,0,"Der Unterschied zwischen Fridays for Future und den Kritikern: Fridays for Future k√§mpft auch f√ºr die Kritiker und deren Kinder, die Kritiker k√§mpfen nur f√ºr sich.","@Maori Google hat den ersten Quantencomputer erfolgreich getestet. KI wird schneller voranschreiten wie die Klimaerw√§rmung. Wahrscheinlich rotten wir uns dadurch schneller aus, als wir das Klima komplett ins menschlich t√∂tliche kippen."
1179436037736747013,1179436039183765504,1,1,1,0,1,0,1,0,0,0,"Hierf√ºr errechneten die Klimaforscher der ZAMG 4 bis 9 zus√§tzliche Hitzetage f√ºr #Graz, wenn das Pariser Abkommen eingehalten wird.
Ohne Klimaschutzma√ünahmen w√§re mit der Zunahme um 19 bis 43 Hitzetage zu rechnen. üëá
(7/8)","Besonders betroffen in √ñsterreich sind das Alpenvorland, das Flach- und H√ºgelland sowie das Klagenfurter Becken. In Mittelgebirgslagen w√§re die Zahl der Hitzetage ohne Klimaschutzma√ünahmen so hoch wie heute in Wien.

Quelle:https://t.co/k9Zdu9D34q
#Klimakrise #Klimanotstand (8/8)"
1179785565547454465,1179928331254239232,1,1,0,0,1,0,0,0,0,0,"@Harun74977238 @Quuux @asejdovi @erzaehlmirnix aber nicht zur panik.

und wenn sie jetzt endlich gemerkt haben, das da einige es mit ""der wahrheit"" nicht allzu  genau nehmen, indem sie prognosen als wissen hinstellen, w√§r erstmal nachdenken angebracht.","@monikakleinsbr @Quuux @asejdovi @erzaehlmirnix Ich habe nicht ""jetzt endlich gemerkt""...
Es ist klar, dass der Beweis des Klimawandels durch gewandeltes Klima eintritt.
Dann ist es aber zu sp√§t, eben das noch zu verhindern."
1179860858257772550,1179938042301337602,1,1,0,1,1,0,0,0,0,0,"@papalinchen @extra3 Dann behaupten Sie dass Klimamodelle nicht das Klima vorhersagen k√∂nnen. Da die Modelle genau das derzeit tun, haben Sie sich da auch einfach nur ausgedacht. Warum? Warum behaupten Sie Dinge, die nicht stimmen? Das sagt ziemlich viel √ºber Sie aus.",
1177160759719190532,1177494426748194817,1,1,0,1,1,0,0,0,0,0,,"@il_libraio @Rembrandt1405 Ziel der Stadt ist es, den CO2 Aussto√ü schnell und sp√ºrbar zu reduzieren. Der neue Ausschuss f√ºr Klima und Umwelt diskutiert zur Stunde √ºber das Aktionsprogramm des OB - mit dem gut 190 Mio ‚Ç¨ f√ºr verbesserten Klimaschutz investiert werden k√∂nnten."
1176067827809361920,1176068117686030336,1,1,1,0,1,1,0,0,0,0,"@DerNervensaeger @Dzienus Das #Klimapaket wird kritisiert, weil es mit den Ma√ünahmen nicht m√∂glich ist irgentein Ziel zu erreichen.
https://t.co/9FT5YQ1g9B",
1179126131926192129,1179177713531265025,1,1,0,1,1,0,0,0,0,0,,"@Heinzenstein @FFF_Berlin Gar nichts. Selbst wenn Deutschland sofort aufh√∂rt zu existieren w√ºrde es das Klima nicht √§ndern. Wir k√∂nnen sofort aus der Kohleverstromung aussteigen und Strom aus Polen bekommen, deren Kraftwerke noch dreckiger sind als unsere."
1179414005015822336,1179421480133758977,1,1,0,1,1,0,0,0,0,0,"So viel zu @Markus_Soeder und seiner Behauptung die #CSU habe den Umweltschutz erfunden, selbst ein nochmal verw√§ssertes Klimap√§ckchen wird blockiert   https://t.co/0OwZAQjfUU",
1179047051893641216,1179054248287440896,1,1,0,1,1,0,0,0,0,0,"Angesichts dieser Fakten u. zahlreicher wissenschaftlicher  Erkenntnisse ist es doch verr√ºckt, dass es immer noch Gestrige gibt, die den Klimawandel leugnen u.die Bek√§mpfung der Klimakrise f√ºr ‚ÄûIrrsin‚Äúhalten. #NOAFD #ClimateOnFire #Gletscherschmelze https://t.co/daShmSaDVJ",
1177593235348348929,1177600935729815552,1,1,1,1,1,1,0,0,0,0,F√ºr den #Klimaschutz: Die Kraftwerker in #J√§nschwalde haben gerade viel Arbeit. Sie bereiten den zweiten 500-Megawatt-Block auf den Stand-by-Betrieb vor. Am Montag geht er vom Netz: https://t.co/bY64RGOKEU #Lausitz #Strukturwandel,@rbb24cottbus @rbb24 Klima ist ein statistischer Durchschnitt von Wetter(n) in &gt;30 Jahren. Statistik l√§sst sich nicht sch√ºtzen. Deshalb: Vorbereitung auf die heute bekannten Folgen von Klima√§nderung. NICHTS geht dabei ohne funktionierende Wirtschaft + Gesellschaft. #Versorgungssicherheit #NoBlackout
1178239562671370240,1178242470355836929,1,1,0,0,1,0,0,0,1,0,,"@Europer20 @Nicoles44180590 @Sysyphus58 @GretaThunberg 500 ""Wissenschaftler"", von denen die meisten nichts mit Klima zu tun haben und noch mehr nicht eine Ver√∂ffentlichung haben. Wow. üòÇ"
1177123844555005952,1177123846568185856,1,1,0,1,1,0,0,0,0,0,"der Markt den Klimawandel nicht in den Griff bekommen wird, und sie m√ºssen einsehen, dass wir in den Industriestaaten schuld sind. Wenn man sich dann angegriffen f√ºhlt, sobald jemand SUVs infrage stellt, ist das genauso der falsche Weg. 3/5","Sie neigen dazu, sich schnell als Opfer darzustellen. Niemand hat SUV-Fahrer jemals Nazis genannt. Vielleicht k√∂nnen wir zur√ºckkehren zu einer sachlichen, faktenorientieren Debatte, deren Ergebnis eine Klimapolitik ist, die das Klima sch√ºtzt, 4/5"
1177492121143525376,1177870618529861632,1,1,0,1,1,0,0,0,0,0,"Ich poste den Clip jetzt noch mal, damit er f√ºr immer im Internet bleibt. Und hoffentlich sehen m√∂glichst viele Menschen, wie die Bundesregierung die Pariser Klimaziele de facto aufk√ºndigt. Heimlich. Aber bewusst.

Um es mit Greta zu sagen: ‚ÄûDas werden wir euch nie verzeihen.‚Äú https://t.co/DOjofkP8Xu","@Jumpsteady Wieso heimlich? Eher unheimlich. √úbrigens, warum stand in dem #Klimapaket nix von #Tempolimit? Damit lie√üe sich bei Verbrennern #CO2 sparen und bei Elektroautos Reichweite erh√∂hen. 120/Autobahn &amp; 30/Wohngebiete br√§chte au√üerdem Stre√ü- und L√§rmreduktion."
1176786367021572096,1176887331783155714,1,1,0,0,1,0,0,0,0,0,"Starkes Zeichen unserer Hochschule f√ºr den #Klimaschutz: Braucht die Bahn weniger als 6h, darf das Flugzeug nicht mehr f√ºr Dienstreisen genutzt werden. @HTW_Berlin
#FridaysForFuture #Scientists4Future https://t.co/7wSg8rPJTg",@VQuaschning @HTW_Berlin An der HNE-Eberwalde haben wir nun bald eine 1.000km Regelung. Alles darunter darf nicht mehr geflogen werden. #klimaschutz #√∂ffentlicherDienst
1177224503186927621,1177237735045775360,1,1,0,1,1,0,0,0,0,0,@Nobodys85519949 @sciforfuture @PIK_Klima Das ist schlicht falsch. Die jetzige Regierung zerst√∂rt mit ihrer Klimapolitik wissentlich unser Leben. @OlafScholz @spdde @akk @rbrinkhaus #NotMyKlimapaket,"@anna_handschuh @sciforfuture @PIK_Klima @OlafScholz @spdde @akk @rbrinkhaus Panik ist ein schlechter Ratgeber. In Deutschland hat sich viel getan: Im Rhein zB waren in den 80ern keine Fische, heute viel sauberer. Ehemalige DDR war ‚Äûdicke Luft‚Äú. D sollte andere L√§nder unterst√ºtzen, die noch alte Techniken nutzen. Dort kann man mehr erreichen als in D."
1177160221849989122,1177162244859322368,1,1,1,1,1,0,1,0,0,0,"@lillith_1st @StSchilling75 @fdpbt @c_lindner @AfD @AfDimBundestag Es hat eher damit zu tun das die AfD den rein menschengemachten Klimawandel leugnet und √§hnlich wie alle Klimaforscher meint das es den Klimawandel schon immer gibt.
Schon schlimm wenn man die AfD verteidigen muss ...","@EinFragender @StSchilling75 @fdpbt @c_lindner @AfD @AfDimBundestag Die Frage ging nicht an Dich und das sagt der Trollaccount auch nicht ü§∑üèª‚Äç‚ôÄÔ∏è 

Dass die #AfD #fakenews zum Thema #Klimawandel verbreitet ist auch hinreichend dokumentiert. 

https://t.co/culJgddBlY https://t.co/MIF8x2dJIS"
1179401237210566656,1179643942222143489,1,1,0,1,1,0,0,0,0,0,"Wieviel Geld St√§dte j√§hrlich pro Einwohner f√ºr Radwege ausgeben:

‚ñ∏ Utrecht 132 Euro
‚ñ∏ Oslo 70 Euro
‚ñ∏ Kopenhagen 36 Euro
‚ñ∏ Berlin 4,70 Euro
‚ñ∏ Hamburg 2,90 Euro
‚ñ∏ M√ºnchen 2,30 Euro

Warum nicht mehr Menschen in deutschen St√§dten mit dem Rad fahren? Ich habe keine Ahnung!","@kaffeecup Wenn demn√§chst 55 Milliarden f√ºr's Klima ausgegeben werden, da fallen bestimmt auch ein paar ‚Ç¨ f√ºr Radwege ab.
Tr√§umen kann man ja.ü§îüôÑ"
1179129232531902466,1179139389479440388,1,1,0,1,1,0,0,0,0,0,,"@Ddelmeister8001 @HalilGashi7 @zeitonline Ja, das Klima merkt nix, aber unseren Einfluss aufs Klima bestreiten weniger Wissenschaftler als dass Wissenschaftlerdie Schwerkraft bezweifeln.
Denn man *darf* alles bezweifeln..."
1177192069846188034,1177194249156255745,1,1,0,1,1,0,0,0,0,0,@EnricoCaruso @J_B_oo7 @FranzStrohmeier @BonnerGuido @M_T_Franz @rahmstorf @Die_Gruenen @RealLeicaManiac @ABaerbock Jetzt sind wir aber schon sch√∂n weit in der Erdgeschichte zur√ºck. Ja und ich wei√ü die Dinosaurier sind auch durch einen Klimawandel ausgestorben. Ups der war ja durch einen Asteroiden verursacht. Gut der erzeugt auch genug CO2 ü§≠,
1179277621970063361,1179406690900426758,1,1,0,1,1,0,0,0,0,0,"@grid_bot @1S3GR1M @Jumpsteady @dieternuhr ""Irgendeiner der 99,94% der Wissenschaftler wird das doch berechnet haben"" üòÇ

JA NAT√úRLICH!

Dazu sind 100e Stunden ver√∂ffentlicht! 
Das sie weder Grundlagen noch Fakten kennen beweist da√ü sie nichts au√üer Ideologie zu bieten haben","@TGewidder @grid_bot @Jumpsteady @dieternuhr Das einzige, worin sich diese ""99,94% der Wissenschaftler"" einig sind, ist da√ü die Menschheit Einflu√ü aufs Klima hat. 
Aber weder √ºber zeitliche Abl√§ufe, noch Ausma√ü sind die sich einigüòè

Da habt ihr aber auch NICHTS als Ideologie vorzuweisen. 
Und wilden Vermutungen"
1176224736591958017,1176262888010452992,1,1,1,0,1,0,1,0,0,0,Jugendliche reichen Beschwerde gegen Klimapolitik ein https://t.co/E15jnxW3nF #UN #Klimawandel,
1178378894476488704,1178387632080003073,1,1,0,1,1,0,0,0,0,0,,"@panemetc62 @DLFNachrichten @AfD Resultat wegen der mE visionslosen merkelischen Politik &amp; VW etal

Langfristig sch√ºtzt eine solide Klimapolitik Mil. Arbeitspl√§tze &amp; unser Klima.#climatechange ist real.
Wer sich gegen Ver√§nderungen wehrt bzw die Notwendigkeit nicht (ein)sieht hat's schwer. Beispiele gibts viele."
1177252454079115264,1177256815593250816,1,1,0,0,1,0,0,0,0,0,,"@georgewalker88 @SauceMasteruwu @Sschmid_ @Hacer10 @WevLbbi Woher weiss man, dass mehr ergr√ºnt? Es stirbt nur noch mehr Fl√§che ab durch d√ºrren etc."
1178915857860308993,1178917615382781952,1,1,0,1,1,0,0,0,0,0,"@alex_baur Die Menschen waren also nie auf dem Mond, 5G kontrolliert unsere Gedanken und der Klimawandel ist nicht menschengemacht.

Sie betrachten die Wissenschaft als nicht legitim. Das ist schon ein starkes St√ºck.

PS: Der Klimawandel ist schon da, er ist messbar. Keine ""Prophezeiung"".","@cedi_ch Falsch. Der Klimawandel war schon immer da. Die Frage ist, wie viel der Mensch beitr√§gt - und ob er das Klima √ºberhaupt steuern kann wie ein Thermostat."
1179128819963351040,1179502939355918336,1,1,0,1,1,0,0,0,0,0,,
1178970620119441409,1178992922274013187,1,1,0,0,1,0,0,0,0,0,,
1176930771275276288,1176932561056149505,1,1,1,1,1,1,0,0,0,0,@ErlingPlaethe @welt Wurden nicht auch Griechenlandkredite bereits von Aussch√ºssen beschlossen ohne das Parlament zu involvieren? Rumpfparlamentarismus.,"@LouCipher5 @welt Das ist was anderes. Dieser Generationenrat hat Veto-Recht. Ohne seine Zustimmung soll kein Gesetz verabschiedet werden k√∂nnen, dass irgendwie etwas mit Klima zu tun hat. Im Hysterie-Deutschland betrifft das so gut wie jedes Gesetz. Soviel Macht hat sonst nur das Staatsoberhaupt."
1176510413414027265,1176555270077657088,1,1,0,1,1,0,0,0,0,0,,"@FrankBuschmann @meisje_NL Der #Klimawandel l√§sst sich nicht von heute auf morgen stoppen. Wenn jeder aber mit einer Kleinigkeit anf√§ngt, ist es in der Summe schon ein guter Anfang."
1177640097136689153,1177651006508797952,1,1,0,1,1,0,0,0,0,0,,@RadnitzFinn @tagesschau Es ist m√∂glich. Infolge menschlicher T√§tigkeit ist die Konzentration einiger Treibhausgase (vor allem CO2) in der Atmosph√§re stark angestiegen. Das f√ºhrt zur Erderw√§rmung. Also kann der Mensch das Klima beeinflussen und durch weniger Treibhausgasemissionen sch√ºtzen.
1177167118254714881,1177168436864200704,1,1,0,1,1,0,0,0,0,0,,"@GKitzmueller Das Klima kippt - man sehe sich nur um - was sich rundherum abspielt. Flugzeuge, Autos, Fleischkonsum wird gr√∂√üer, Gletscher zerbrechen .... Es ist nicht mehr aufzuhalten. Wenn die Welt nicht aufwacht (und das wird sie nicht), hat sie vielleicht noch 50 Jahre ?"
1178629509639213061,1179126640963706888,1,1,0,1,1,0,0,0,0,0,,"@Dauerquerulant Fakt ist, wir m√ºssen alle sterben. Woran es liegt, suchen sich gewisse Personen dann aus. Smog, Zigaretten, jetzt ist es das Klima. Dann werden ein paar Experten geholt die alles best√§tigen, nat√ºrlich daf√ºr bezahlt werden und die Hysterie ist perfekt."
1178025416071749632,1178241412430733312,1,1,0,1,1,0,0,0,0,0,"Grinsend &amp; gr√∂lend wird fremdes Eigentum von Klimademonstranten zugem√ºllt. Unter anderem mit Kleber der gewaltt√§tigen linksradikalen ANTIFA, ‚ÄûBoycot 5G‚Äú oder schlicht und ehrlich ‚ÄûENTEIGNEN‚Äú
Worum gehts hier genau?
Klima?ü§î
Ernsthaft?
#klima #Klimademo #FridayForFuture #srfarena https://t.co/p8JyHPrtDL","@BeniFischer @patwittmer Typisch... von einer #Klimakrise sprechen und dann Aufkleber verwenden in Plastik, der sich mehrere hundert Jahre nicht abbauen wird. Mir egal. Ein #Trend der ausschliesslich den #Medien zu verdanken ist. Die ganze Klima Debatte ist ein grosser Witz."
1177156453766979585,1177156873914605568,1,1,0,0,1,0,0,0,0,0,,
1175677177100156929,1176113711897042945,1,1,1,1,1,1,1,0,0,0,"Es war erwartbar: Egal was die #Bundesregierung zum #Klimaschutz beschlie√üt - Umweltverb√§nden, den #Gr√ºnen und Teilen der Medien ist alles zu wenig. Selbst die Einf√ºhrung einer #CO2Steuer und reihenweise Verbote w√§ren nicht genug gewesen. (tm) https://t.co/vjpOBYBYfg","@_FriedrichMerz @JuliaKloeckner Mit der Natur l√§sst sich nicht verhandeln, das #Klimaschutzpaket kann man daher nicht wie einen Handelsvertrag erarbeiten. Es geht um Naturwissenschaft u. die Gesetze die dort gelten sind nicht verhandelbar. Frau #Merkel sollte es eigentlich wissen. 
#Klimapaket #Klimaschutz #fff https://t.co/8peV4Rp4b7"
1178549326274088961,1179363966881062912,1,1,0,0,1,0,0,0,0,0,"#CDU:
- #Klimaziele 2020 aufgeben
- Halbherziges #Klimaschutzprogramm2030 
- unwirksam niedriger #CO2Preis 
- fossile Subventionen nicht antasten 
- und nun: #EEG abschaffen... 
Das ist nicht mehr #Pillepalle, sondern offene Anti-#Klimaschutz-Politik    
 https://t.co/4vxzj16pQS",@jdoeschner Hinweis: Die Ziele des Klimakabinetts werden auch von SPD-Umweltminister Schulze mitgetragen. #SPD #svenjaschulze #Klimaschutzpaket #Klimaschutz
1177184275818565632,1177198762462261248,1,1,0,0,1,0,0,0,0,0,@IGermanish @Alice_Weidel Welche Fakten denn??,@KenzoVandagg @Alice_Weidel z.B. das wir Menschen Einfluss auf das Klima haben!
1180026562738962438,1180028351605624832,1,1,1,0,1,0,1,0,0,0,"@EtzWaerggli @karina_vogel_de Koch in der Geruechtekueche
Wer so etwas verbreitet traegt massiv dazu bei, dass
wir hier im ganz gro√üen Stil get√§uscht, belogen, hinter‚Äôs Licht gef√ºhrt werden.
Pfui!
Wer Greta finanziert ist gleichgueltig, 97% aller Wissenschaftler teilen ihre Besorgnis.",@elevenrau @EtzWaerggli Die 97% Studie ist ein Fake. https://t.co/srbRfwz20m
1176612679357751297,1176871827655843840,1,1,1,1,1,1,0,0,0,0,"#GretaThunberg habe eine ""aufr√ºttelnde"" Rede vor den #UN zum Klimaschutz gehalten, jedoch nicht zum Ausdruck gebracht, wie Technologie zum Klimaziel f√ºhren k√∂nne, sagte #AngelaMerkel.  https://t.co/mfWwkGiuxE","@zeitonline Technologie hilft bei zyklischen Ver√§nderungen des Klimas nicht, nur Verstand. Das Klima bewegt sich, egal was wir tun, in Richtung w√§rmer und dies hat nichts mit CO2 zu tun, da CO2 keine W√§rme produziert. Milankoviƒá-Zykle ......"
1178756378778853376,1178757313869549571,1,1,1,0,1,0,1,0,0,0,"@DrohnenDaniel @Micha31281963 Ein Auto steht nicht √ºber den Gesetzen der Physik. Es ben√∂tigt also f√ºr Tempo 50 deutlich mehr Energie als f√ºr Tempo 30. Aber, weil viele Motoren und Getriebe auf &gt; 50 km/h optimiert sind, ist der Wirkungsgrad dort besser. Sie verbrauchen also weniger Kraftstoff.",@DrohnenDaniel @Micha31281963 Das gilt allerdings nur bei gleichm√§√üigen 50km/h. Wie oft und wie lange hat man das innerorts? Eine Beschleunigung von 0 auf 50km/h ben√∂tigt √ºbrigens das Dreifache einer Beschleunigung auf 30km/h. https://t.co/rw86M2VrqS
1176211101698146304,1176367181141032960,1,1,0,1,1,0,0,0,0,0,"Wir setzen beim #Klimaschutz vor allem auf Technologie und Anreize. Mit dem #Klimapaket der Bundesregierung sorgen wir f√ºr einen Klimaschutz, der Wettbewerbsf√§higkeit und soziale Sicherheit zusammendenkt. üå±https://t.co/ssdue0JLj6 https://t.co/k5DDsut49s","@CDU @CDU_CSU_EP Ihr setzt beim #Klimaschutz vor allem auf Freiwilligkeit.
Irgendwer wird schon irgendwas machen, mit dem ihr euch dann r√ºhmt.

Und dann ist es zu sp√§t und das Gejammer ist gro√ü, das die fr√ºheren Regierungen (ihr) nicht genug gemacht hat."
1176899761284235269,1177099402349088769,1,1,1,1,1,1,0,0,0,0,,"@ThomasWendrich @pkreissel @Volksverpetzer Warum Klimafl√ºchtlinge? In Afrika gibt es ca 1 Mio mehr Bev√∂lkerung in der Woche. Die kommen also mit oder ohne Klima zwangsl√§ufig, weil das kein Kontinent verkraften kann. So oder so werden irgendwann Millionen davon sterben, wenn man die Geburten nicht in den Griff bekommt."
1177105210436718592,1177277162879107072,1,1,1,0,1,0,1,0,0,0,,"@schouschou65 @ulrics3 @dergazetteur @sixtus Ja, das Klima wandelt sich schon immer, bla bla bla. Aber es gibt leider keine Erkl√§rung (au√üer unser sehr hoher CO2/Methan/etc -Aussto√ü), warum dies pl√∂tzlich so schnell geht. https://t.co/i1kk7Y8okO"
1177147754637877248,1177193632652300289,1,1,0,1,1,0,0,0,0,0,"#Bioland-Bauer Peter Meister aus #Gera setzt auf Zweinutzungsh√ºhner - also Tiere, bei denen die Henne genug Eier legt und der Hahn genug Fleisch ansetzt. Der #MDR hat ihn besucht. 
#vollereinsatzf√ºrdasbeste 
https://t.co/waisvvCaRa",
1178941811840212992,1178962302617493504,1,1,0,0,1,0,0,0,0,0,"#noNazisdo Followerpower  #noAfD 

#Maassen f√§ngt bei #AfD -Kanzlei an - Stuttgarter Zeitung Mobil https://t.co/2leFC9rSk2 

üòÆüí® Hust!",
1178959725318344704,1178963910512132096,1,1,1,1,1,1,0,0,0,0,"@FridayForFuture Kurze Frage, wann kommen endlich konstruktive Vorschl√§ge von FFF die global etwas bewirken w√ºrden? Was bringen lokale Steuererh√∂hungen, Kohleausstieg usw f√ºr das globale Klima? Wo sind die Forderungen f√ºr mehr Forschung und Entwicklung? F√ºr besser Schulbildung?","@Danny87743507 @FridayForFuture Was hat den bitte Schulbildung mit dem Globalen Klima zu tun???
Und au√üerdem m√ºssen FFF keine konkreten Vorschl√§ge machen, dass tun schon die Wissenschaftler like @VQuaschning etc. Fakt ist unser CO2 Aussto√ü muss drastisch sinken!!!"
1179825324600770561,1179863626678751233,1,1,0,1,1,0,0,0,0,0,,"@ConciliumP @Ben_fumi @FridayForFuture 1. Wir zusammen sind ein Volk, die gew√§hlten Politiker sind die Vertreter, welche die Regierung bilden!
2. Menschen, die nichts f√ºrs Klima tun sind die Verlierer, alle anderen verlieren nur mit, ohne wirksame Ma√ünahmen 
3. Sehr pauschal und unreflektiert, bitte besser informieren"
1176982434283446272,1176983571409641472,1,1,0,1,1,0,0,0,0,0,"@mannheimgirls @DerKrefelder1 @KarlRinast @Volksverpetzer @Der_Postillon @Die_Insider F√ºr mich ist das gerade eine entscheidende Frage, allein schon in Deutschland. Klimaschutz setzt um keine Revolte auszul√∂sen (also wirksamer K.schutz, nicht dieses Witzpaket) voraus, dass viele nicht ein Finanz. Verlierergef√ºhl bekommen, oder? Wie w√§re eine Umverteilung m√∂glich?",
1178228138867859457,1178230879770091520,1,1,0,0,1,0,0,0,0,0,"@thebestofnorge @Saltytrees Leute die B√§ume pflanzen und meinen, damit das Klima zu retten, sind Populisten.","@NoPlanetB_EU @thebestofnorge Die vorhandenen B√§ume pflegen, sch√ºtzen und retten macht eben 100x mehr Arbeit als einmal einen Setzling in den Boden zu stecken. #B√§umepflanzen #Baumschutz #Klima"
1178292800879763456,1178293282243317761,1,1,0,1,1,0,0,0,0,0,,
1179020379848921089,1179021857191792640,1,1,0,1,1,0,0,0,0,0,,"@Dianaownz100 @FridayForFuture Ja, wir m√ºssen das Klima sch√ºtzen f√ºr die n√§chsten Generationen.

Die CO2 Steuer ist ein Mittel, h√∂heren CO2 Ausstoss zu steuern, das sagt schon der Name Steuer."
1178232726283067397,1178234515371757570,1,1,1,1,1,1,0,0,0,0,"@Czupczik Es geht hier nicht um Lebensstile. Wer keine Kinder haben will, soll keine haben. Alles cool. Aber ein Beitrag zum Umweltschutz ist es nicht. Das Gegenteil kann mir hier auch bisher niemand zeigen. Viel Emotionen aber wenig Konkretes. Greife nur den Umweltgedanken an...",
1177158616438194176,1177245652897714176,1,1,0,1,1,0,0,0,0,0,"Greta Thunberg wurde f√ºr den Friedensnobelpreis nominiert und ich bin so goddamn proud.

Dieses M√§dchen ist gerade mal sechzehn, k√§mpft gegen alle Widerst√§nde f√ºr ihre Ideale und ver√§ndert als einzelner Mensch die ganze fucking Welt.

Gebt ihr diesen verdammten Nobelpreis. üëèüëè",
1179448611714846727,1179455161774870528,1,1,0,1,1,0,0,0,0,0,"@HaKroe @Luisamneubauer @PaulZiemiak Und nach Ihnen die Sintflut Herr Kroeger, k√∂nnte mir relativ egal sein, weil ich pers√∂nlich nicht mehr so viele Jahre habe...",
1177563097646739457,1177564013640785923,1,1,0,1,1,0,0,0,0,0,"@MisterAltair Du gehst f√§lschlicherweise davon aus, dass die Rezession bereits in den K√∂pfen der Menschen angekommen ist. Es sickert gerade so langsam durch, dass die ersten Unternehmen massiv Stellen abbauen oder zumachen, aber noch nicht genug, um KLIMAKLIMA zu durchbrechen.","@atheistsplained Es ist mMn. sich auch im Falle einer Rezession um‚Äòs Klima zu k√ºmmern, aber den Klimaschutz kann man auch definitiv so gestalten, dass daraus Wachstum resultiert oder er zumindest nicht die Abw√§rtsspirale verst√§rkt und beschleunigt üòÖ"
1177606498794516486,1177613040889618436,1,1,0,1,1,0,0,0,0,0,"@JuliaKrohmer @JanPete90916766 @Hartes_Geld @mdrde Eine Wissenschaft, die dubiose Figuren wie Greta f√ºr politische Ziele benutzt, ist keine Wissenschaft. Das ein System wie das Klima mit allen Kausalit√§ten endg√ºltig erforscht sein soll, ist ohnehin ein Witz.","@vwe__ @JanPete90916766 @Hartes_Geld @mdrde Es ist noch lange nicht endg√ºltig erforscht - aber das, was man schon wei√ü, reicht, um bestimmte Projektionen zu berechnen. Sprich, was passiert mit welcher Wahrscheinlichkeit, wenn wir so oder so handeln."
1177475322263949313,1177501921243881474,1,1,1,1,1,0,1,0,0,0,"Hier kann man sehr sch√∂n sehen, dass die #Groko mit ihrem #Klimapaket zwar das Klima nicht rettet, aber daf√ºr ihr untr√ºgliches Gesp√ºr f√ºr Mehrheit erneut unter Beweis stellt #CDU #CSU #SPD https://t.co/Jp4QTCA2t5","@berndulrich Nicht f√ºr alle W√§hler ist die Klimapolitik ein digitales Kriterium bei der Wahl. Wie andere Teile der Umfrage zeigen, ist die Mehrheit nicht zufrieden mit dem #Klimapaket der #Groko. Selbst 39%/46% der CDU/FDP W√§hler sagen, es geht nicht weit genug. Das l√§sst hoffen."
1177286092606922753,1177456191154221058,1,1,0,1,1,0,0,0,0,0,"@Spruchmaschine @BrunchLP @dummeaugust @AfD @Joerg_Meuthen Zweitens, Merkel und AKK fliegen getrennt in 2 Maschinen nach NY, predigen aber davon, wir m√ºssen Klima retten und Gretchens R√ºckreise ist nochmal umweltsch√§dlicher. Bilde dich erstmal und lerne, bevor du mich und andere dumm von der Seite anmachst","@AtzeMatze29 @BrunchLP @dummeaugust @AfD @Joerg_Meuthen 4. Dass Merkel und AKK sich so blamieren √§ndert an den wissenschaftlichen Tatsachen nichts.
5. Die R√ºckreise ist wie auch die Hinreise sauber und gut. 
6. Du darfst mir gerne fehlende Bildung vorwerfen. Im Gegensatz zu dir kann ich Vorw√ºrfe belegen und logisch argumentieren."
1177174660557000704,1177175080905977856,1,1,0,1,1,0,0,0,0,0,,
1176986445346721792,1177596538014576652,1,1,0,1,1,0,0,0,1,0,,@majjonase @b_friederike @hensman4711 @c_lindner Wie w√§re es mit so ziemlich jeder beliebigen wissenschaftlichen Arbeit √ºber das Klima? Das IPCC fasst nur den Stand der Wissenschaft zusammen und die ist sich nahezu ausnahmslos einig.
1177109162792226817,1177109665022402560,1,1,0,1,1,0,0,0,1,0,,"@WernerGoehl @schoefaz @tagesschau Kaffesatzleserei ist also alles, bei dem man wissenschaftliche Schl√ºsse zieht?
Bis vor paar Monaten waren schwarze L√∂cher auch nicht nachgewiesen. Aber Einstein hat logisch darauf Schl√ºsse gezogen. Und es war sehr sehr wahrscheinlich. Das gleiche gilt f√ºr CO2-Klima-Korrelation"
1177515790146269184,1177518689182109697,1,1,0,1,1,0,0,0,0,0,"@BayernRedneck @Kids_CoKG @magaschutz @MrsCgn @cicero_online @DrKissler Und daraufhin kann ich immernoch sagen: wodurch die y% der mittleren Temperatur beeinflusst sind, wei√ü ich nicht.
Aber dennoch wei√ü ich √ºber den x%igen Anteil nahezu sicher Bescheid (sichere Aussagen kann empirische Wissenschaft NIE treffen)",
1179147857120628736,1179150033645686791,1,1,0,1,1,0,0,0,0,0,"@anlomedad Danke! Interessante Lekt√ºre jedenfalls. Keine Sorge, so schnell konvertiere ich da nicht. Hatte nur im ersten Moment Angst, dass das auf meinen Respekt f√ºr einige durchaus gesch√§tzte Menschen mit WiWi-Hintergrund aus meinem Bekanntenkreis abf√§rben k√∂nnte ...","@saltomentale warum sollte das nicht abf√§rben? Christ Of Economists erschlichen sich sich die Wichtigkeit, dann verletzten sie die Verantwortungspflicht, die daraus resultiert. 
Es wies auch nmd drauf hin, da√ü Co2-Preis ungeeignet is. Personal glory is wichtiger als das high-risk project Klima"
1176935808697344000,1177196782369087491,1,1,1,1,1,0,1,0,0,0,,"@adolarstone #climategate

Zitat:
Besonders brisant aber ist eine Mail vom November 1999, in der Jones einem Kollegen anvertraut, wie er in einer #Klima|statistik einen ihm nicht genehmen Temperaturr√ºckgang versteckt. Er habe sich des ‚ÄûTricks‚Äú Michael Manns bedient. 

https://t.co/YvJjPj8Yg0"
1177891828978343937,1177898049676419072,1,1,1,0,1,1,0,0,0,0,,@Sigi_susa @WELTnews Da man Wasserstoff Klima neutral herstellen kann eher nicht
1178460851327639552,1178538551262224384,1,1,1,0,1,1,0,0,0,0,"@OliverSchick2 Und ganz besonders
https://t.co/oyapJxkud8",
1179443243043508224,1179443560636178438,1,1,0,0,1,0,0,0,0,0,,
1179820921953148929,1180018308906659840,1,1,1,1,1,0,1,0,0,0,,"@McMartinde Es gibt viele M√∂glichkeiten, um im eigenen Alltag etwas f√ºrs Klima zu tun. Wo Ihr ansetzt, muss jede und jeder selbst entscheiden. Auf unserem Portal findet ihr viele weitere Ansatzpunkte &amp; Tipps f√ºr ein nachhaltiges Leben: https://t.co/GAikSuTZyP"
1178723132296847361,1178761948818792464,1,1,1,1,1,0,1,0,0,0,"unter2Grad ‚Äì der #Klima-Podcast der Bundesregierung. In dieser Woche: Bundesumweltministerin @SvenjaSchulze68 zur Frage, wie die Bundesregierung die Klimaziele erreichen will, warum dies so ein Kraftakt ist + was jeder Einzelne f√ºr das Klima tun kann. https://t.co/SVL6ebCUrh @bmu https://t.co/cpMiQLHmMx",
1177730961720692737,1177731877584691201,1,1,0,0,1,0,0,0,0,0,"@Themios @haynaku52 @Capricorn_Horn Mache ich, muss man dann auch nach Datum sortieren

https://t.co/LykKWUcEF9","@Petrabrach @haynaku52 @Capricorn_Horn *lol* Dort steht vor allen Dingen, was bisher negatives abgelaufen ist, ob sich das Klima in der Gruppe tats√§chlich gewandelt hat, ist dem Artikel √ºberhaupt nicht zu entnehmen."
1177808895147950085,1177908427521175552,1,1,0,1,1,0,0,0,0,0,"@MRechthaber @falter_at Da t√§uschen Sie sich, v.a. weil Sie die politische Wirkung enorm untersch√§tzen. Glauben Sie es war ein Zufall, dass Klimapolitik das Thema im Wahlkampf 2019 war? https://t.co/hc5Kb57rVq",
1178256344085864449,1178262103624421378,1,1,0,0,1,0,0,0,0,0,"@Esperan70494324 @flobraun @WDR Soll das ein Argument sein? 
Es gibt genug Modelle, wie man niedrige Einkommensschichten entlasten und gleichzeitig das Klima sch√ºtzen kann.
FFF geht es nicht um das wie, sondern das ob.",
1176446031002836992,1176459520584966144,1,1,0,1,1,0,0,0,0,0,"Wir haben eine Verpflichtung, #CO2 ein Limit zu geben. Nur so werden wir den #Klimawandel bek√§mpfen k√∂nnen. Unser Ziel sollte es aber sein, dass f√ºr das Erreichen dieses CO2-Limits niemand seine freie Lebensweise aufgeben muss. Deshalb: Innovationen! CL #Verzicht https://t.co/QPU9pZvmd1",
1179317119198076931,1179321876486725632,1,1,0,0,1,0,0,0,0,0,"@LutzKoster @DigitalerC Die werden als erstes feststellen, dass es bei McD nur noch Reste gibt (so lange der Vorrat reicht!) und sie zu Schule und Demo laufen oder strampeln m√ºssen, weil ohne Sprit weder Mamataxi noch Busse fahren. üòÅ","@GefrKamnitzer @DigitalerC Ob GR√úNE, ""FfF"", selbst die klima-politisch immer schon v√∂llig unbedarften (Un-)Geister von DKP bis MLPD - ihnen allen stelle ich seit Jahren die Frage, ob steigende √úberbev√∂lkerung nicht die Ursache f√ºr alles ist.
Aber weder von Luisa/sonst wem habe ich bisher Antwort erhalten."
1177228404661338115,1177228525050486785,1,1,0,1,1,0,0,0,0,0,"&gt;  Sie da erreicht? Sie haben‚Äôs nicht nur nicht besser gemacht, von der kleinen Anhebung des Solar-Deckels‚Ä¶ sondern sie haben de facto ‚Ä¶ das ist eine kleine Ma√ünahme, ein wichtige Ma√ünahme‚Ä¶ und schreien Sie doch net so!‚Äú Doch da irrte sich #Hofreiter wie sein 
&gt;","&gt; Parteivorsitzender schon bei der #Pendlerpauschale.
#Dobrindt berichtigt Hofreiter

Denn im Klima-Paket wurde die Abschaffung festgeschrieben. Und daran erinnerte ihn auch sofort Folgeredner Alexander Dobrindt (#CSU), der den Ball dankend annahm
&gt;"
1178341257787121664,1178347302559391750,1,1,1,1,1,0,1,0,1,0,"@chst70 @cynicalAxolotl @J_B_oo7 @M_T_Franz @EnricoCaruso @FranzStrohmeier @rahmstorf @Die_Gruenen @RealLeicaManiac @bauhausinfo Doch, schon. Aber keine 4 Meter globale Schwankung in den letzten 2000 Jahren. Es gab langsame globale √Ñnderungen und unterschiedliche lokale Verschiebungen.
Dein Beispiel mit Ostia soll doch ein globales Sinken des Meeresspiegels belegen, oder?","@BonnerGuido @cynicalAxolotl @J_B_oo7 @M_T_Franz @EnricoCaruso @FranzStrohmeier @rahmstorf @Die_Gruenen @RealLeicaManiac @bauhausinfo Erstens ca  7. Jahrhundert v. Chr dazu zum nachlesen https://t.co/jooofcPN15
Da stehen auch 3 bis 4 m also jetzt nichts Neues f√ºr die Menschheit aber Panik wir gehen unter wir werden gegrillt 
War also eine ganz schlimme Zeit die der alten R√∂mer"
1179109605261099008,1179145842550284289,1,1,1,1,1,1,0,0,0,0,"""Wir schulden unseren Nachkommen zumindest einen ernsthaften Versuch."" K√∂nnen wir den #Klimawandel stoppen, oder sind wir l√§ngst verloren? 25 Stimmen aus unserer Community https://t.co/ExSuMLFwIV",
1177900315619799041,1177906392084164610,1,1,1,1,1,0,1,0,0,0,"@ThomasKnorra Wenn jemand Gretas Jugend zerst√∂rt, dann sind das ihre Eltern. Das hat Greta noch nicht bemerkt. Aber wahrscheinlich ahnt sie es bereits. #GretaThunburg #FridaysForFuture #Missbrauch","@netwge &gt;Schulstreik f√ºr das Klima: Die 16-j√§hrige Greta Thunberg ist die Ikone einer neuen Jugendbewegung. Im SPIEGEL-Interview verr√§t die Schwedin, warum sie schw√§nzen muss, um geh√∂rt zu werden - und wer hinter der Aktion steckt. https://t.co/A6f3Dj0b5Y&lt; (02.02.2019)"
1176821462524735490,1176822711437463553,1,1,1,0,1,0,1,0,0,0,"Selbst im besten Falle einer deutlichen Reduzierung von Treibhausgasemissionen, werden um das Jahr 2050 mehrere K√ºstenst√§dte und kleine Inselstaaten von extremen Fluten √ºberschwemmt ‚Äì jedes Jahr. #Klimawandel #IPCC #SROCC","Die IPCC-Wissenschaftler betonen, dass diejenigen, die am wenigsten f√ºr den Klimawandel verantwortlich sind, am st√§rksten von den Ver√§nderungen im Ozean und in der Kryosph√§re betroffen sind. #Klimawandel #IPCC #SROCC"
1178306683417907203,1178313618414342145,1,1,1,1,1,1,0,0,0,0,"@BauerWilli_org @NABU_de Lobby d. Agro-Business √ºbt sich in Wagenburg-Mentalit√§t #gruenekreuze: #Insektenschutz, #D√ºnge-VO, #Klimaschutz ‚Äì alles wird abgelehnt. Jahrzehntelang wurde verfehlte #Agrarpolitik gegen d. Widerstand d. Gesellschaft forciert u. nun wundert man sich, dass man alleine da steht.","@Volkhard_Wille @BauerWilli_org @NABU_de #Insektenschutz, #Klimaschutz. geht nur mit den Landwirten. Wenn den Landwirten keine Luft zum Atmen gelassen wird, ist kein Spielraum mehr f√ºr Insekten- und Klimaschutz. Au√üerdem sind wir einer der wenigsten Bereiche, wo CO2 gebunden wird. Sollten wir da nicht zusammen arbeiten?"
1177369863398002691,1177477175173189636,1,1,0,1,1,0,0,0,0,0,"Bundeswirtschaftsminister @peteraltmaier (CDU) will an der so genannten schwarzen Null im Bundeshaushalt festhalten. Keine Schulden zu machen sei ‚Äûeine Errungenschaft‚Äú.
‚û°Ô∏è https://t.co/hBCmdu3xLB
   
@BMWi_Bund #Rezession #Wirtschaft #Konjunktur #Stellenabbau #Klimapaket #illner https://t.co/adqhcrYnJF","@maybritillner @peteraltmaier @BMWi_Bund Der Mythos:Schwarze Null!
Dieses Krampfhafte Festhalten an diesem Geist. Die Schulden werden noch gr√∂√üer der n√§chsten Generationen mit dem #Klimap√§ckchen. Die Wissenschaft hat ihnen das Werkzeug gegeben f√ºr ein sozialen&amp;effektiven #Klimaschutz gegeben&amp;sie kloppen nur sinnlos rum"
1178075233015750660,1178321526875185155,1,1,0,1,1,0,0,0,0,0,"Wie geschmacklos ist das denn bitte, Herr @dieternuhr? Es tut mir fast k√∂rperlich weh, dass ich mit meinen Geb√ºhren Ihre Show mitfinanzieren muss. So viel Stimmung, wie Sie gegen #FridaysForFuture machen, ist aus meiner Sicht keine Satire mehr. Das ist reine Meinung.
[THREAD 1/2] https://t.co/Z8teX65o0X","@Jumpsteady @dieternuhr Gro√üartig!!! Er hat einfach Recht! Der Klimawandel ist NICHT menschengemacht, CO2 ist Grundvoraussetzung f√ºr das Leben auf der Erde (war schon viel h√∂her-ohne Menschen) und man kann das Klima auch nicht retten!!! H√∂rt auf seri√∂se Wissenschaftler!!!"
1177630078576009217,1177630907609632769,1,1,0,1,1,0,0,0,0,0,"@DieselMeister @EinFragender @kfjJahn Du leugnest doch die Aussagen der Klimaforscher. Also bist du ein Leugner des menschgemachten Klimawandels.

Die Aussage mit der kleinen Eiszeit und Beginn der Warmzeit ist Quatsch. Das widerspricht dem Stand der Forschung.","@de_escalation @EinFragender @kfjJahn Nein ich Leugne gar nichts, ich stelle mich hin und behaupte, dass wir nicht ausreichend informiert werden. Das es sehr wohl unterschiedliche Ansichten √ºber den Einfluss des Menschen auf das Klima gibt und da gar nichts gesichert ist. Das kritisiere ich."
1177111078213472257,1177111636567572481,1,1,0,1,1,0,0,0,0,0,"@WernerGoehl @schoefaz @tagesschau Eine Verschw√∂rungstheorie ist es doch eher dann, wenn man sich nicht auf den wissenschaftlichen Konsens beruftü§î",
1177315603310415873,1177316510420918273,1,1,0,0,1,0,0,0,0,0,"@chst70 @J_B_oo7 @M_T_Franz @EnricoCaruso @FranzStrohmeier @BonnerGuido @rahmstorf @Die_Gruenen @RealLeicaManiac Ich geh mal schlafen ihr Trolle.

Versucht weiter ein Bild von Wissenschaft zu erzeugen welches es euch erlaubt den Klimawandel anzuzweifeln.

Tausende Wissenschaftler mit mehr auf dem Kasten als wir alle zusammen haben bewiesen das die #Klimakatastrophe kommt. Leugnen zwecklos.",
1178691921998483461,1178757072504143872,1,1,0,1,1,0,0,0,0,0,"@RudolfineZ Burgenland: -1.493 Stimmen 
K√§rnten: +616 Stimmen 
Nieder√∂sterreich: -10.859 Stimmen 
Ober√∂sterreich: -26.436 Stimmen
Salzburg: -5.114 Stimmen 
Steiermark: -15.229 Stimmen 
Tirol: -8.976 Stimmen 
Vorarlberg: -12.948 Stimmen
Wien: -47.480 Stimmen","@sybille_zeisel @RudolfineZ Der HC Skandal bringt √ñVP ein √úberraschungsplus v 258.000 Stimmen,total 1,774.000.  Ohne die FP√ñler w√§ren es 1,516.000 Stimmen,also 31%. Wenn Rot an Gr√ºn 193.000 verliert, ist es homemade-Unterbewertung Klima.Schade."
1176965941114167301,1176966667995373570,1,1,0,1,1,0,0,0,0,0,,
1175750414463094787,1178696122849775616,1,1,1,1,1,0,0,1,0,0,"@markusin3 @philbill1337 √Ñhm, ich f√ºrchte, du hast was grunds√§tzliches nicht verstanden - es ist n√§mlich das Schule schw√§nzende M√§dchen, das Erwachsen wie Dir erkl√§ren muss, was die Wissenschaft will. Die sehen da n√§mlich keinen Affront, sondern klatschen Beifall - also die Wissenschaftler und Experten.","@FarwigMathias @philbill1337 Ich lese da st√§ndig andere Berichte von renomierten Zeitungen. Die Forscher welche wirklich etwas verstehen vom Thema Klima, reden nicht von Katastrophe, sondern von Krise. Und diese Krise kann nur langsam bew√§ltigt werden. Aber sicher nicht von einem Moment auf den Andern."
1177477225693626368,1177564440197287937,1,1,0,1,1,0,0,0,0,0,@Lowl3v3l @Kaleu23911476 @nicolediekmann Oder einfach ausgedr√ºckt Wissenschaft ist der aktuelle Konsens. Wer den zum menschengemachten Klimawandel skeptisch sieht weil 99% das selbe sagen will nur einfach die Wahrheit nicht sehen damit er seinen bequemen Lebensstil nicht √§ndern muss.,"@Real_Utopist @Lowl3v3l @nicolediekmann Wenn alle der gleichen Meinung sind, ist das nicht immer gut. Das lehrt uns die Geschichte. Mit Bequemlichkeit hat das nichts zu tun. Selbst wenn D. ab morgen kein CO2 mehr produziert, wird das keinen Einfluss auf das Klima haben. Daf√ºr wird das Land ganz andere Probleme haben."
1176880045798973440,1178296776585072640,1,1,1,1,1,1,0,0,0,0,"Boris Palmer schreibt Greta Thunberg: ""Wir haben Deine Jugend nicht zerst√∂rt"" https://t.co/42nDrbjVQN https://t.co/8YLZOVX30W",
1177564818829729792,1178356206936739840,1,1,0,1,1,0,0,0,0,0,Wie kann der Klimaver√§nderung begegnet werden und wo kann die Schweiz ihren Beitrag noch weiter ausbauen? Lesen Sie jetzt die Analysen und Empfehlungen in unserem neuen Bericht ‚ÄûNachhaltige Energie f√ºr die Schweiz‚Äú: https://t.co/QuzIMQzh3i #Sustainability https://t.co/sy7YHHr3Cs,"@UBSschweiz Ja, UBS, man k√∂nnte aus den Katboninvestments aussteigen. Man k√∂nnte nachhaltig investieren und finanzieren. Ihr macht aber genau das Gegenteil und seid am #Klimanotstand mitschuldig. Deshalb sollte das Geld zur @alternativebank statt zu euch. #Finance #Sustainability"
1177277708885209090,1177278876852137984,1,1,0,0,1,0,0,0,0,0,,"@Antiaktivist1 @JL_4954 @Umwelthilfe @klima_allianz @ConstZerger Eben nicht. Deutschland h√§lt sich nicht an deren Klimaziele w√§hrend China das macht. China h√§lt das Pariser klimaabkommen ein, Deutschland nicht. China setzt auf erneuerbare Energien und veboten von Verbrennungsmotoren. Deutschland nicht."
1177224754580938752,1177226064629829632,1,1,0,1,1,0,0,0,0,0,"@Skeptic_Punk @DebyeScherrer @KikiKueka Das war ein Beispiel wie der wissenschaftliche Konsens sich irren kann als Gag hat er sich als beispiel das absurdeste ausgesucht was er finden konnte es ist immernoch ein video welches unterhaltsam gestaltet werden soll 

hier paar andere beispiele https://t.co/0ythLHOyKf",
1177557145967091712,1177639762959708160,1,1,0,1,1,0,0,0,0,0,"Was hat der Kampf gegen den Klimawandel mit Sexismus und Rassismus zu tun?

Ich frage f√ºr einen schwulen T√ºrken. https://t.co/pnOaMvLkNO","@AliCologne Ich werde nie verstehen wieso Menschen glauben sie k√∂nnten das Klima beeinflussen, nat√ºrlich m√ºssen wie die Umwelt sch√ºtzen, aber es wird keinem gelingen das Klima zu √§ndern"
1177204574337286146,1177210479158157312,1,1,0,0,1,0,0,0,0,0,"@phytonaut Wo es ann√§hernd 1:1 funktionieren k√∂nnte, w√§re eventuell bei den Drehkreuzen am Golf. Dubai hat ja viel Sonne und viel Platz. 
Kannst du ausrechnen, wie viele km2 Solarfelder es dort br√§uchte, um den globalen Kerosinbedarf komplett klimaneutral per Algensprit zu decken?",@nickscharioth Habe hier gerade nur Wachstumsdaten f√ºr gem√§√üigtes Klima (Niederlande). Damit komme ich auf ungef√§hr 45.000 km2 (in etwa die Fl√§che von Niedersachsen). Als Alge habe ich genetisch optimierte Nannochloropsis gaditana angenommen.
1179274438833004544,1179287227488227335,1,1,0,0,1,0,0,0,0,0,@JHaakona @chrisi3490 @GrumpyEmmi Ich hab das Gef√ºhl du hast ein sehr fundamentales Problem noch nicht verstanden: wenn das Klima sich die n√§chsten Jahre extrem ver√§nderen wird - auch hier in Deutschland - dann werden irgendwann unsere Systeme zusammenbrechen. Und was folgt dann? Chaos.,"@bianca_stst @JHaakona @chrisi3490 @GrumpyEmmi Und wie kommst du darauf? Nicht mal IPCC spricht davon. Allein schon ""Das Klima ver√§ndern"" wie das denn?"
1178719376306065408,1178741632847548416,1,1,0,0,1,0,0,0,1,0,"@realMartinHagen Dieter Nuhr tut das und zieht die, die Ma√ünahmen gegen die drohende Katastrophe einfordern, ins L√§cherliche. Das halte ich nicht nur f√ºr unlustig und dumm, sondern auch verantwortungslos. Und dazu muss ich kein Linker sein, sondern nur aufgekl√§rter Realist sein.",
1177251483022004225,1178912870249242624,1,1,1,1,1,1,0,0,0,0,"Am Freitag f√§llt in Doha der Startschuss zur Leichtathletik-#WM. Besondere Herausforderung: die Hitze! Im Stadion laufen schonmal die K√ºhlanlagen ""hei√ü"".‚òÄÔ∏è ü•µ üí® #Doha2019 #leichtathletik @IAAFDoha2019 https://t.co/Q88PWv8VnJ",
1178191373771653120,1178218897943732226,1,1,0,0,1,0,0,0,1,0,,"@shasofanX @KlassLib @Kittypunk7 @WOLKEFN Ja, weil Energie schon vorher teuer wie nirgends sonst war. Und jetzt wird sie halt noch teurer. Aber keine Sorge, alles wird weiterhin produziert - nur halt woanders. Hilft sicher dem Klima - nicht."
1176881059641925638,1176954434057900037,1,1,1,1,1,0,1,0,0,0,"@Nils22527082 @Heimatverbunde1 @ralph_kuhs @ddominik10 @OliverJanich @ZDF Ich finde es ja immer so lustig, wenn die Grafik kommt. Die sind selbst zu dumm ihre eigenen Bildchen anzusehen. Das eine ist Europa, das andere Die Welt. Und alleine deshalb gibts bei einer eine ausgepr√§gtere warmzeit.","@ryhminsimon @Nils22527082 @Heimatverbunde1 @ralph_kuhs @OliverJanich @ZDF Das Klima der Erde wird seit 120 Jahren immer k√ºhler, ein Zusammenhang zwischen CO2 und der Temperatur ist nicht erkennbar. Eine kontroverse Debatte zu diesem Thema wurde bisher im √∂ffentlichen Raum noch nie gef√ºhrt. Es ist alles Lug unt Trug um den menschengemachten Klimawandel. https://t.co/AD2hYTfxh4"
1177218800758009856,1177221636329803778,1,1,1,1,1,1,0,0,0,0,,"@ImmobilienUSA @search_mk @AfD @Joerg_Meuthen ""gesteinigt und ge√§chtet"" wohl kaum. Eher sind ihre Studien nicht durch Peer-Review gekommen. Unter anderem, da ihre Methodik fehlerhaft ist, oder diverse andere Fehler in ihrer Studie vorkommen."
1176925326645104641,1176926053329264641,1,1,1,1,1,1,0,0,0,0,"@ChHarrison1 @doenerspiess Ein Limit ist doch aber der wichtige Unterschied zur Steuer. Wenn das Gut knapp wird, steigt damit ja auch der Preis.","@PrimeLindner @doenerspiess Menge und Preis sind ja zwei voneinander abh√§ngige Parameter. Begrenzt man die Menge, steigt der Preis; erh√∂ht man den Preis, sinkt die Menge.

An welcher der beiden Schrauben man dreht, ist mir und dem Klima herzlich egal."
1178047006457110535,1178050593715314689,1,1,0,0,1,0,0,0,0,0,,
1177229497491501056,1177230622068264961,1,1,1,1,1,1,0,0,0,0,"@raumplanungtv @WoSchBonn @ingenieur_de @Turbodus Hatte ich darauf hingewiesen, dass im Co2-neutralen Idealfall der Energiebedarf source to wheel 3-4-fach h√∂her ist als bei atterieelektrisch? Du brauchst also locker 3-4-fache Menge an Kraftwerkskapazit√§t
https://t.co/U8l11pG23L","@jottes @WoSchBonn @ingenieur_de @Turbodus das ist alles machbar., Dazu gibt es genug Statistiken. Autos mit Akku m√∂gen dem Klima helfen, aber sie werden der Umwelt so krass schaden, dass das nach hinten losgehen wird. Daher erscheint mit #Wasserstoff effektiver. Wasser(stoff) kann man √ºberall kriegen."
1179417134709055489,1179421661344538625,1,1,0,0,1,0,0,0,0,0,Klima gibts es schon l√§nger als seit 150 Jahren. Langfristig gibt es keine Korrelation. https://t.co/E5DBwwz23V https://t.co/cjXtgIgQh0,"@FoxMulder944 Es gibt neben CO2  mehrere Einfl√ºsse aufs Klima. Vulkane, Sonne, Milankovich Zyklen Kontinentaldrift. Und alle wirken auf unterschiedlichen Zeitskalen. Informieren Sie sich!"
1179986627428528129,1179990318583820288,1,1,0,1,1,0,0,0,0,0,"@H_Ruppi_1 @SteinbachErika W√§re man das Klima- und Umweltschutzthema schon vor 30 Jahren angegangen, h√§tte man es billiger haben k√∂nnen. Nur wird‚Äôs halt teuer. Noch viel teurer wird es allerdings, wenn wir gar nichts machen.
Da die 10% reichsten Deutschen 50% CO2 verursachen, sollte man dort ansetzen.","@GlobalistYT @SteinbachErika Des weiten gibt es Vulkanausbr√ºche und Waldbr√§nde die Unmengen an CO2 aussto√üen und auch Kosmische und terrestrische Einfl√ºsse die das Klima nachhaltig √§ndern und ge√§ndert haben.
Das etwas in Richtung Umwelt getan werden muss ist definitiv in Ordnung, aber bitte mit Vernunft!"
1178380703035281415,1178575873563353093,1,1,1,0,1,1,1,0,0,0,,"@PeterBraeuerRA @SylK1966 @fdp @Stiftung2Grad @Die_Gruenen @IPCC_CH (2/3) Nat√ºrlich sind komplexe Simulationen wie die zum Klima sehr fehleranf√§llig. Deshalb sind ja in den Prognosen auch so breite Korridore angegeben: 800 Gigatonnen ab 2018 f√ºhren mit 1/3 Wahrscheinlichkeit zu unter 1,5¬∞, mit 2/3 zu unter 1,75 mit 1/3 zu mehr als 1,75¬∞ s.Tabelle https://t.co/YJRtPLXYBw"
1177311691262111744,1177366152038801409,1,1,0,1,1,0,0,0,0,0,"@Nanu_2468 @rewinside @Exsl95 Leider nein, Exsl hat oft genug im stream seine Meinung zu FFF, klimaschutz etc. kundgetan.

Schade um ihn...",
1177303939076820993,1177306968735846400,1,1,0,0,1,0,0,0,0,0,"Und ich dachte immer, ein Kernsatz der Aufkl√§rung w√ºrde lauten: sapere aude - wage es, Deinen eigenen Verstand zu gebrauchen. Deshalb trifft der Vorwurf wohl eher die, die wissenschaftliche Erkenntnisse als blo√üen Glauben bezeichnen https://t.co/rc9XFx1Apz",
1179379452540850179,1179384292176285696,1,1,0,1,1,0,0,0,0,0,,
1177185469936934913,1177190885035036673,1,1,0,1,1,0,0,0,0,0,"@jankortemdb @c_lindner Auch interessant: ‚Äûwir‚Äú denken dann mal sch√∂n ‚Äûgro√ü‚Äú - √ºber die K√∂pfe derjenigen hinweg, deren Land ‚Äûwir‚Äú mal eben verplanen... Das ist koloniale Gutsherrenart ohne eigene Verantwortungs√ºbernahme! üëé","@voglerk @jankortemdb @c_lindner Aha. Und was machen Sie mit dem Land? Politik ist (noch) der Wettbewerb der besten Ideen um die Mehrheit - wenn ‚Äûsie‚Äú allerdings weiter ‚Äûklein‚Äú in Verboten denken wollen, die dem Klima so nichts n√ºtzen... Oder macht der Klimawandel an der Grenze halt, wenn die Gr√ºnen regieren?"
1178082731722526722,1178353350036873218,1,1,0,1,1,0,0,0,0,0,"Klimademos sind auch Demos gegen die CDU, die f√ºr junge Menschen unw√§hlbar ist. Die CDU macht Klimaschutz seit 10 Jahren unm√∂glich. Wenn wir als SPD uns nicht von dieser Politik befreien, durch Ende der GroKo, verlieren wir die jungen W√§hler auch dauerhaft https://t.co/8NB6S5YgJz",
1178928510175457280,1178929794647543808,1,1,1,0,1,1,0,0,0,0,,"@marcjulianblack @appletechnikbl @olivergorus Sie haben gesagt, durch Greta sei Aufmerksamkeit entstanden. Das bedeutet, vor Greta habe es die nicht gegeben.  Sonst konnte sie ja nicht mit Greta entstehen."
1177196787989393411,1177197478770282499,1,1,1,0,1,0,1,0,0,0,"@RuisingerR @EnFreKo @Stefan_Hajek @clausstraube @ChuckBanham @CKemfert @sciforfuture @PIK_Klima @Luisamneubauer @carla_reemtsma @ABaerbock @KathrinAnna @seawatchcrew @oekoinstitut @AWI_de @VQuaschning @rahmstorf @Psychologists4F @f_schmidt_BB @FFF_Berlin @TWIKE Wie viel Motoren hat der eigentlich - 4, also einen f√ºr jedes Rad? Durch Ab-und Zu-Schaltung und verschiedene Motoren-Gr√∂√üen k√∂nnte man das Teillast-Problem stark vermindern.
Trotzdem in manchen Fahrsituation wird nur ein vierzigstel der Maximalleistung abgerufen.","@robschuchmann @EnFreKo @Stefan_Hajek @clausstraube @ChuckBanham @CKemfert @sciforfuture @PIK_Klima @Luisamneubauer @carla_reemtsma @ABaerbock @KathrinAnna @seawatchcrew @oekoinstitut @AWI_de @VQuaschning @rahmstorf @Psychologists4F @f_schmidt_BB @FFF_Berlin @TWIKE Einen pro Achse, in der Summe 1 oder 2. https://t.co/q37HUY2Tho"
1179329954212978694,1179590875812372480,1,1,0,0,1,0,0,0,0,0,,
1178370311974244355,1178623148209704965,1,1,0,0,1,0,0,0,0,0,Forscher rechnet mit Klima-Greta ab https://t.co/S8FMokTkfa,@drumheadberlin Was forscht der Herr denn so? Klimaforscher ist er jedenfalls nicht.
1179360322848722945,1179388243290263553,1,1,1,1,1,0,1,0,0,0,"Klima, Klima, Klima. Ich kann es nicht mehr h√∂ren. In ein paar Jahren sitzen wir hier ohne Strom oder beziehen teuren Atom- und Kohlestrom aus dem Ausland. Wie gut f√ºr das Klima.  https://t.co/SO8wpa7G4h via @welt",
1177890213894459397,1177909387903586304,1,1,0,1,1,0,0,0,0,0,,"@user82de @rahmstorf @GretaThunberg Der @IPCC_CH ist ein Wissenschaftsgremium, das den Forschungsstand zur globalen #Klimaver√§nderung aufarbeitet. Und das ehrenamtlich. Informieren Sie sich, bevor Sie unhaltbare Behauptungen aufstellen!"
1178315663766634496,1178470318106693632,1,1,1,1,1,0,1,0,0,0,"@inchtweet @beyond_ideology @faznet @ErnMedBlog Die genannten Studien sind wissenschaftlich nicht haltbar - mindestens aber umstritten (s. z.B. https://t.co/k92ndBogej, https://t.co/ZVxq3xGcew).

""Die Wissenschaft"", auf die Sie hier rekurrieren ist zur Hure der Politik geworden.
..",@neuthfer @inchtweet @beyond_ideology @faznet @ErnMedBlog 500 Wissenschaftler (darunter auff√§llig wenige im Bereich Klima &amp; Umwelt t√§tig) vs. 26800 Wissenschaftler*innen die sich allein bis M√§rz hinter Scientists4Future versammelt haben und viel sozialere Vorschl√§ge bringen als die Politik bisher plant. https://t.co/gfQXDzZoQw
1177130790800543745,1177254465310744579,1,1,1,0,1,0,1,0,1,0,"Vor 22 Jahren schrieb Angela Merkel ein radikales Buch zum Klimaschutz. #DerPreisDes√úberlebens steigt mit jedem weiteren Tag, an dem nichts gegen die Klimakatastrophe unternommen wird. 

#FridaysForFuture #parents4future #ExtinctionRebellion #HowDareYou

https://t.co/CG4ojD4jtv",
1177183020333379586,1178330830101504000,1,1,0,1,1,0,0,0,0,0,"@StefanS36687568 @HatinJuce Sind doch auch wieder nur Ziel...WIE soll das denn erreicht werden? Klingt f√ºr mich wieder nach ""wir machen erstmal nichts solange wir nicht die gesamte Weltbev√∂lkerung ins Boot geholt haben"". Klimaschutz ist auch ein Wirtschaftsfaktor, damit l√§sst sich... 1/x",
1177667447635238912,1177807245670801409,1,1,1,1,1,0,1,0,0,0,"@SebastianHertel @hschmalzl @M_T_Franz - noch ungel√∂stes Problem der Endlagerung radioaktiven Abfalls (unbekannte Langzeitfolgen)
- Risiko nuklearer Verstrahlung bei St√∂rf√§llen (selbst bei deutschen Sicherheitsstandards, umso h√∂her in anderen Staaten) - geringe Wahrscheinlichkeit, aber dann umso gravierendere Folgen","@EndosListener @hschmalzl @M_T_Franz Ihre Aussagen sind #FakeNews. Das Gegenteil ist richtig.
sogar wenns richtig w√§re w√ºrde es an den  FAKTEN:
Nur Kernkraft ist Klima-, Umwelt &amp; menschenfreundliche Energiequelle 
nichts √§ndern. 
Sie sind nicht gut informiert. Mehr Infos zu den Fakten hier: https://t.co/cXtrR239ea"
1179803165878870016,1179805949239992321,1,1,1,0,1,0,1,0,0,0,"@maxim_k @timo_bahrs @Ralf_Stegner @Gesine_Schwan ""DIE WISSENSCHAFT"" empfiehlt also? Wer oder was ist denn bitte ""DIE Wissenschaft""?","@Erkenbrand11 @timo_bahrs @Ralf_Stegner @Gesine_Schwan In diesem Fall: das Gemeinschaftsgutachten von @PIK_Klima und @MCC_Berlin https://t.co/GQt7odsfEu

Das @DIW_Berlin hat eine separate Analyse erstellt, die zu sehr √§hnlichen Ergebnissen kommt. https://t.co/dPpT4YStJ0"
1179473671179702272,1179686647098683392,1,1,1,1,1,0,1,0,0,0,"Einmal √ºberschritten gibt es kein zur√ºck mehr. Die Kipppunkte, sie sind nicht umkehrbar. Was am Ende rauskommt ist nicht absehbar, jedenfalls nichts positives f√ºr unsere Existenz. Auch nicht schwer zu kapieren. 

#Klimakatastrophe https://t.co/14pvzlOBqt","@TerliWetter @klima_allianz Dass Kipppunkte jeglicher Art unumkehrbar sind, lehrte schon Dennis #Meadows in ""Grenzen des Wachstums"", dessen 30-Jahre-Update ich habe. Und ich habe dieses Buch, obwohl staubtrocken geschrieben, gierig gelesen. Wer zwischen den Zeilen lesen kann, wird mehr erfahren! https://t.co/ose533gGmi"
1179030622641278976,1179035044750352384,1,1,0,1,1,0,0,0,0,0,"@DonGiardino @dominikdirekt Es gibt ein noch zu verbrauchendes CO2-Kontingent bevor es nicht mehr regelbar ist.
Zeitnah gilt es, diese Grenze nicht zu √ºberschreiten.
Das wir in Zukunft neue Technologien ohne CO2-Verbrauch einsetzen sollte klar sein.
Unmengen von Energien liefern zB Sonne und Wind gratis.",
1178959102644494336,1179054711783264258,1,1,0,0,1,0,0,0,0,0,"Kurze Frage: 
Wie stark sind die CO2-Emissionen eigentlich zur√ºckgegangen, seitdem diese Bundesregierung behauptet, sie h√§tte die Dringlichkeit im Klimaschutz endlich verstanden?","@FridayForFuture @NewSpider1970 Wieviel Einfluss hat das auf das Klima? Selbst wenn wir heute Netto Null erreichen w√ºrden, werden 800 neue Kernkraftwerke gebaut. Und der Zusammenhang Mensch-Klima ist unbewiesen #Climategate #FridaysForHubraum"
1177939315961323522,1177967226718183424,1,1,1,1,1,0,1,0,0,0,,"@exil_fant @EDA1155 @ArminLaschet Konsens i.k. Naturgesetz siehe Galileo. Es gibt viele wiedersprechende Wissenschaftler.Bitte Cook Metastudie genau ansehen. Es handelt sich nur um oszillierendes Klima. Gr√∂nland hatte Ackerbau, Hannibal kam √ºber Alpen, R√∂mer kamen in R√∂cken. Alles normal. Mit CO2 kam weltw wohlst"
1179419983836844032,1179695602071941121,1,1,0,1,1,0,0,0,0,0,Das ist der Inbegriff der gr√ºnen Bewegung: Die Verachtung gegen√ºber den einfachen Leuten und dass man den #Umweltschutz u die sentimentale Verbundenheit zu irgendwelchen Tieren √ºber das Wohl u den Respekt vor den √Ñrmsten in der Gesellschaft stellt.https://t.co/jHBARdvAny,
1177174620216135681,1177175073100390402,1,1,0,1,1,0,0,0,0,0,,
1178947612491300865,1179109790397718528,1,1,0,0,1,0,0,0,1,0,"In der Antarktis ist ein 315 Milliarden Tonnen schwerer Eisberg abgebrochen.
Das ist das genaue Gegenteil von dem umgefallenen Sack Reis in China.",
1178014692943503360,1178393784066945024,1,1,0,0,1,0,0,0,0,0,"Thema #Klimahysterie #Klimanotstand #FFF #CO2 #co2steuer #Klimapolitik #Klimawahn #Klimastreik und was noch dazu geh√∂rt.
2 Leserbriefe, die den #Wahnsinn auf den Punkt bringen.
Davon abgesehen das #klimakritiker nicht angeh√∂rt werden.
Es kann halt nicht sein, was nicht sein darf. https://t.co/OJFxrA7Xhd",
1178171073529036800,1178364334231228427,1,1,0,1,1,0,0,0,0,0,"@APVogt @Uwe_Junge_MdL Wer entscheidet √ºber gut und schlecht? Leider ist es zu einfach Wahrheit zu diskreditieren und Unsinn als Wahrheit zu verkaufen.

Zum Gl√ºck sehen die Menschen die Hitzesommer und zweifeln nicht am Klimawandel.",
1176959322665947137,1177148985871687680,1,1,0,0,1,0,0,0,0,0,,"@HannoSettele @Kachelmann @rahmstorf @SPIEGELONLINE @LH_Potsdam Worum geht's hier eigentlich immer? Ich hab irgendwie den Beginn dieser ""Diskussion"" verpasst &amp; hab mich dann nimma fragen getraut. Aber wenn ich's richtig verstehe, dann sagt @Kachelmann dass Klimasch√ºtzer nicht glauben Holz√∂fen w√§ren sch√§dlich f√ºrs Klima, oder. Woher kommt das?"
1176073065702350848,1177298161632763905,1,1,0,1,1,0,0,0,0,0,@Dzienus Ich f√ºrchte das wird nichts. An solchen Ausrutschern geilen sich Kritiker immer auf. Das sind dann auch die Leute die sich √ºber die CO2-Emissionen von Gretas R√ºckreise aufregen. Am besten ignorieren da eine fachliche Diskussion hier nicht zu erwarten ist,
1176786367021572096,1176829761613697026,1,1,0,1,1,0,0,0,0,0,"Starkes Zeichen unserer Hochschule f√ºr den #Klimaschutz: Braucht die Bahn weniger als 6h, darf das Flugzeug nicht mehr f√ºr Dienstreisen genutzt werden. @HTW_Berlin
#FridaysForFuture #Scientists4Future https://t.co/7wSg8rPJTg",
1179374756489023490,1179383727501299714,1,1,1,1,1,0,1,0,0,0,,
1179720155401723906,1179726099129012226,1,1,0,1,1,0,0,0,0,0,"Ernsthafte Interessensfrage: Findet ihr, dass sich T√ºrkis und Rot ideologisch n√§her sind als T√ºrkis und Gr√ºn? 

Denn bzgl. Koalition und wie sich das ausgeht, kennt man die Debatte zu Gr√ºn, aber keine vergleichbare zu Rot.","@ClaudiaZettel Ja, in entscheidenden Punkten. Wo die Gr√ºnen aus Klima/Naturschutzgr√ºnden nicht dabei sind, argumentiert rot dort mit ""f√ºr Arbeitspl√§tze"", wo t√ºrkis ""f√ºr den Wirtschaftsstandort"" sagt. Und Asylrechtsversch√§rfungen hat die SP√ñ in Regierung immer mitgetragen."
1178323314810540032,1178324305266057218,1,1,1,1,1,0,0,1,0,0,"@N2k1 @Dragon52472784 Wenn du erstmal die anderen angreifst (u.a. Lobbyist) und jetzt jammerst das diese entsprechend zur√ºckschie√üen - Tja. Damit musst du leben.

Also erstelle einen entsprechenden Tweed gegen den Konsens der Wissenschaft und wir diskutieren dort.","@BernhardGeyer @Dragon52472784 Ich sagte schonmal: Selbstreflexion geht anders.
Es ging hier nicht ums Klima oder √§hnliche Dinge.
Und ja, da ich @Dragon52472784 in anderen Threads erlebt habe, ist das mit dem Lobbyisten nunmal auch ein Fakt."
1177143219030843392,1177910421854011392,1,1,0,1,1,0,0,0,0,0,"Das #Klimapaket f√∂rdert und fordert Klimaschutz, aber es √ºberfordert niemanden. Wichtig ist mir die darin vereinbarte gesetzliche Pflicht zur Nachsteuerung ‚Äì in allen Bereichen, nicht nur beim Preis. Das habe ich heute im #Bundestag betont: https://t.co/gJdo9DNTzS","@SvenjaSchulze68 Das ist doch alles nur ein Witz! F√ºrs Klima werden gerade mal 2 Milliarden Euro ausgeheben, w√§hrend die Braunkohle f√ºr einen Ausstieg mit 40 Milliarden unterst√ºtzt wird. Bin ich hier im falschen Film???"
1179786366227505152,1180038641130840064,1,1,1,1,1,1,0,0,0,0,@robschuchmann @WernerFuchs_CH @solarpapst @DB_Bahn @glouki @VCDeV @sciforfuture @PIK_Klima @maithi_nk @Luisamneubauer @carla_reemtsma Und was w√§re die Alternative? Au√üer nat√ºrlich der weiteren Vermeidung des motorisierten Individualverkehrs.,"@razerrath @WernerFuchs_CH @solarpapst @DB_Bahn @glouki @VCDeV @sciforfuture @PIK_Klima @maithi_nk @Luisamneubauer @carla_reemtsma -weniger Autos
-LKW-Transport-CO2 = 5 x Bahntransport-CO2 -&gt;G√ºter auf die Bahn
-kleinere Autos f√ºr den Rest-Verkehr

Letzteres insbesondere f√ºr den Pendler. Sein Interesse: warm und trocken auf die Arbeit zu kommen - 
 ist daf√ºr eine 5sitzige Familienkutsche notwendig?"
1178679644020776963,1178698271881072640,1,1,0,0,1,0,0,0,1,0,Die schwedische Zeitung ‚ÄûDagens ETC‚Äú will keine Werbeanzeigen mehr f√ºr Flugreisen und Verbrenner-Autos annehmen.  https://t.co/q6Dhvu4QGu,@tazgezwitscher Und auch keine Papierausgabe mehr drucken? Der Internetdatenverkehr belastet aktuell die Umwelt mehr als der gesamte Fluggverkehr. Sicher stellen sie auch ihre online-Ausgabe wegen Klima ein?
1178589058060169219,1178599032387702784,1,1,1,1,1,0,1,0,0,0,"@TomMayerEuropa @WKogler Die Frage ist doch eher, ob @sebastiankurz nach seinem dezidierten Rechtskurs mit der FP√ñ sich neu erfindet und den Schwenk schafft, der f√ºr eine Koalition mit den Gr√ºnen n√∂tig w√§re...",
1178690292171624448,1178697254082879489,1,1,0,1,1,0,0,0,0,0,@Regina01589661 @DanijelMajic @AlfimWesten Klimaprogramm der Linken ist gut. Nur das Marketing l√§sst zu w√ºnschen √ºbrig,@dannymcneil26 @Regina01589661 @DanijelMajic @AlfimWesten Die Linken regieren seit 10 Jahren in Brandenburg mit. Da ist wenig f√ºrs Klima passiert...
1177323067338612736,1177624746978099200,1,1,0,0,1,0,0,0,0,0,"Wir sind #Antifa.
Der Kampf f√ºr Klimagerechtigkeit ist immer #antifaschistisch, #antisexistisch und #antirassistisch. 
#wirsindantifa #FridaysForFurture",@FFF_Koeln Nun der Beweis zur Vermutung: #fff will unter dem Deckmantel des #Klimaschutz  nichts weiter als den #sozialismus mit extrem linken Organisationen durchsetzen.
1177999491145883648,1178098196515418113,1,1,0,1,1,0,0,0,0,0,@fisHC0p @ChibzieC @Lara_Loft Du verstehst den Punkt nicht... du findest es also v√∂llig okay das Streamer einfach nur mal so zur TwitchCon Fliegen/fahren? Ist das wirklich notwendig? Das mitt einer Geburtstagsfeier zu vergleichen... jeder soll sich √§ndern nur man selbst nicht was?,"@Gheldalas @ChibzieC @Lara_Loft Diggi. Streaming ist mein Beruf. Zu Cons zu fliegen, zu networken, Menschen, Technologien, Trends pers√∂nlich &amp; hautnah zu erleben ist genauso notwendig, wie alles andere, wof√ºr man Leidenschaft empfindet. Du meinst, wer sich Pro Umwelt positioniert, soll nur noch Fahrrad fahren?"
1178721039204995072,1178917750321926144,1,1,1,0,1,0,1,0,0,0,"‚ÄûWer keinen Begriff des Politischen mehr hat, der nicht vom √ñkonomischen durchzogen ist, wer keinen kollektiven Gestaltungswillen mehr hat, weil schon zu viel Regulierung, und nur noch ""Technikoffenheit"" vor sich hertr√§gt, der macht sich √ºberfl√ºssig.‚Äú

https://t.co/Mn6dJOXHB2","@polenz_r @misanthrop40 Wenn ich meine CO2 Bilanz ansehe und die der viel Kinder von heute. ü§î

Abends hatte ich eine Leselampe und ein geliehenes Buch, keinen TV und Streamingdienste. 
https://t.co/5ygSZb08Du"
1177538130066509824,1177735967857397765,1,1,0,1,1,0,0,0,0,0,"Meteorologe Thomas Globig erkl√§rt den (irrelevanten) Einfluss von #CO2 aufs #Klima in so einfachen Worten, dass es sogar Linke begreifen k√∂nnten.
#FridaysForFuture @MDRde https://t.co/1lzO1F63Ns","@Hartes_Geld @mdrde Das Problem ist nun, dass wir als Menschheit von diesem aktuell stabilen Klima sehr profitiert haben. Dar√ºber hinaus haben sich die aktuell vorherrschenden Lebensgemeinschaften in einem Zeitraum von stabilem Klima entwickelt."
1177187358380347393,1177192950029324288,1,1,0,1,1,0,0,0,0,0,Ich m√∂chte nicht mehr... wirklich nicht. Sie ist 16 und ERWACHSENE schreiben sowas... Ich m√∂chte nicht mehr... https://t.co/xBIh039O9K,@Getwhatuxxxx Vor allem ist dieses Klima Problem ja auch nicht seit Greta sondern besteht schon viel langer nur hat es bisher keinen Interessenten gegeben weder in der Politik noch sonst wen das ist viel trauriger als gegen ein M√§dchen zu hetzen was nun diese Aufmerksamkeit in den Fokus bringt
1177305390150750210,1177494158660923392,1,1,0,1,1,0,0,0,0,0,"@ManuMarron Immer wieder bemerkenswert. Diese Hybris, zu glauben, man k√∂nnte weltweit das Klima ""einfrieren"", bzw. stoppen. 

W√§hrend in China 800 und in Afrika 950 neue Kohlekraftwerke geplant werden. 

Das klingt alles nach nem Plan!","@Goustuba Keiner glaubt daran, dass ein Land irgendwas √§ndert. Aber wenn man selbst nicht anf√§ngt wird es schwierig die anderen davon zu √ºberzeugen es auch zu tun.
Und mal abgesehen davon haben wir schon deutlich mehr in die Luft gepumpt als China oder Afrika zusammen.."
1179022337737465863,1179048818203119616,1,1,1,1,1,1,0,0,0,0,,
1178082731722526722,1178590550930415616,1,1,0,1,1,0,0,0,0,0,"Klimademos sind auch Demos gegen die CDU, die f√ºr junge Menschen unw√§hlbar ist. Die CDU macht Klimaschutz seit 10 Jahren unm√∂glich. Wenn wir als SPD uns nicht von dieser Politik befreien, durch Ende der GroKo, verlieren wir die jungen W√§hler auch dauerhaft https://t.co/8NB6S5YgJz","@Karl_Lauterbach Das w√§re mir neu,dass die CDU Klimaschutz betreibt. #wasdarfsatire es hat nur den Anschein, es sei Klimaschutz und Wirklichkeit bringt es nichts weil, Beispiel der ""#Flickenteppich #Klimaschutz Paket""

Nur n√ºtzlich ist f√ºr die Beruhigung, da kann ihnen jeder √ñkonomen was erz√§hlen"
1177926231448313856,1177933081459736577,1,1,0,0,1,0,0,0,0,0,,"@wanisbunes @unsereOEBB Das w√§re wohl eins der am schnellsten wirksamen Mittel beim Thema Mobilit√§t, Klima und Europa: Eine rasche Vereinheitlichung der Standards beim Schienenverkehr sowie eine gesamteurop√§ische F√∂rderpolitik der Regionen‚Ä¶ Are you listening, @vonderleyen? #klima"
1179352919562424322,1179354643756994560,1,1,1,1,1,0,1,0,0,0,"Unter https://t.co/LNqYXO8YmA stehen die aktualisierten Zeitreihen inkl. der Auswertungen f√ºr September 2019 zur Verf√ºgung. Der lineare Trend f√ºr die deutschlandweite Temperatur der Septembermonate im Zeitraum 1881 bis 2019 betr√§gt +1,1¬∞C. #Klimawandel #Deutschland https://t.co/Qr8RZ66WKj",
1180146455773945861,1180147840779198465,1,1,1,1,1,0,1,0,0,0,,
1179305578839060480,1179306167249653760,1,1,0,1,1,0,0,0,0,0,"@KRogenhofer @klima_vb @EcologicalEcon A. Egit: Klimaschutz ist das zentrale Thema. Am Freitag waren 150.000 Menschen in √ñsterreich daf√ºr auf der Stra√üe und √ñsterreich hat seine erste ""Klimawahl"" erlebt.

Der Auftrag an die Politik ist klar: Klimaschutz muss Thema #1 der n√§chsten Regierung sein. #KlimaschutzZuerst","@KRogenhofer @klima_vb @EcologicalEcon A. Egit: Es braucht eine Grundsatzvereinbahrung aller Parteien und einen Paradigmenwechsel.

Auch Bundespr√§sident @vanderbellen hat oberste Priorit√§t f√ºr den Klimaschutz gefordert. 

Klimaschutz muss das Herzst√ºck jedes Regierungsprogramms sein.

#KlimaschutzZuerst #NRW19"
1177507892984811526,1177509683348721667,1,1,1,1,1,0,1,0,0,0,"Die Mehrheit der Deutschen findet das #Klimapaket unzureichend.
Zur Verteidigung der Bundesregierung muss man sagen, von einem ‚Äûwirksamen Klimapaket‚Äú war auch nie die Rede.","@heuteshow Jetzt h√∂ren wir mal auf, das #Klimaschutzpaket schlecht zu machen. Schlie√ülich ist es das #Gr√∂KaZ, das gr√∂√üte #Klimapaket aller Zeiten. Damit erkl√§re ich den #Klimastreik f√ºr beendet. Anreize sind das Zauberwort, und nicht #Verbote.
https://t.co/2XKCATy9Tw"
1177210374283759617,1177230142311161856,1,1,0,1,1,0,0,0,1,0,"@Kachelmann @nytimes Sehr geehrter Herr Kachelmann, ich befinde mich gerade aus der Wiesn, und bei der 3. Ma√ü f√§llt mit die √úbersetzung nicht leicht. Sie erlauben bitte, dass ich dies auf morgen verschiebe. Danke, auch f√ºr den Service.","@klaus_braus @Kachelmann @nytimes Das #Klima auf der #Wiesn muss gut sein, aber bestimmt nicht f√ºr den #Klimaschutz. Daf√ºr reisen auch Besucher aus der ganzen Welt an. Spa√ü geht vor Schutz."
1177164660384157696,1177168318488354817,1,1,1,1,1,1,0,0,0,0,"Ob beim Klimaschutz, bei der L√∂sung aktueller Krisen oder bei der Abr√ºstung: ‚ÄûWir k√∂nnen es uns nicht l√§nger leisten, nicht nachhaltig zu handeln‚Äú, so AM @HeikoMaas in seiner Rede vor der @UN-Generalversammlung. Was das f√ºr Deutschland bedeutet: https://t.co/oXO3V1RkoR",
1177628014655557632,1177704505984606208,1,1,1,1,1,1,0,1,0,0,"@GrueneBundestag @DerDanyal Es m√ºsste erst mal emissionsfreie Fahrzeug geben, die vom Markt akzeptiert werden. E-Autos mit ihrer geringen Reichweite besonders wenn im Winter zus√§tzliche Verbraucher wie Klima, Heizung etc. dazukommen, sind derzeit offenbar kaum marktf√§hig.","@Mulas10Antonio @GrueneBundestag @DerDanyal Marktf√§hig sind die absolut. Immer mehr fahren E. Selbst schon einige gefahren, absolut geil! Winter wird in Zukunft immer weniger ein Problem, W√§rmepumpen gibts ja auch. Klima ist √ºbrigens zumindest im Zoe super durch Rekuperation ausgleichbar vom Verbrauch(da kann man es sehen)"
1178841874154409985,1178940535421181957,1,1,1,1,1,0,1,0,0,0,,"@drjkirsch @Farbopfer @keineparolen @WDR @flobraun Diese 1,5 Grad bzw 2,0 Grad ( als absolute rote Linie ) m√ºssen das Ziel sein. Ansonsten √ºberschreiten wir Kipppunkte. Wir reden dann nicht von linearen Ereignissen sondern von Kaskaden. Und das nicht nur auf das Klima bezogen.
https://t.co/B9DssCEq1f"
1179048818203119616,1179175103826989056,1,1,0,1,1,0,0,0,0,0,,"@Geppicomedy1 @M_T_Franz Richtig! Das lernen ziemlich kleine Kinder schon in der Schule, dass das Klima seit Millionen Jahren einem permanenten Wandel unterworfen ist. 
Was ""im vollen Gang! bedeutet ist wohl eher Glaube und Windr√§der sind ja wohl die Katastrophe per se."
1176824736812339203,1176938347614351363,1,1,0,1,1,0,0,0,0,0,"Mit der kontinuierlichen #√úberpr√ºfung der #Klimaziele haben wir einen neuen Mechanismus im #Klimaschutzpaket, der dazu beitragen wird, dass wir unsere Ziele
beim #Klima besser als in der Vergangenheit erreichen werden.

#Regierungsbefragung #Bundestag @phoenix_de @BMF_Bund https://t.co/CPSlcWNWyh",
1177963052907601920,1177963128845414400,1,1,0,0,1,0,0,0,0,0,"@PaulaPiechotta Ich bevorzuge die aufw√§ndigere, aber m. E. zutreffendere Formulierung ""Leugner des anthropogenen Anteils am #Klimawandel "".

Den #Klimawandel an sich leugnet nicht einmal die #sogAfD (von vereinzelten Ausnahmen abgesehen).

Hier greifen dann auch wissenschaftliche Fakten...","@PaulaPiechotta ... besser, die ja nicht nur den #Klimawandel , sondern gerade den fatalen, signifikanten Einfluss des Menschen darauf belegen."
1177541710601175041,1177666927080153089,1,1,1,1,1,1,0,0,0,0,"Vielleicht m√ºssen sich erst massenhaft Deutsche in ihrem eigenen Garten mit Tropenkrankheiten infizieren, bevor es eine Massenbewegung zum #Klimaschutz gibt. Aber vermutlich wird die Antwort der GroKo darauf mehr Insektizide sein. 
 https://t.co/KDL2FRHT0t",
1179806585792733185,1180110483459907584,1,1,1,1,1,1,1,0,0,0,,"@terribilis6275 @SZ ... das #Wetter (wahlweise das #Klima)
Weder Wetter noch Klima k√∂nnen f√ºr das n√§chste Jahr, das √ºbern√§chste Jahr
noch in 100 Jahren [seri√∂s] vorhergesagt werden.
Fehlerabweichung + Unsicherheiten viel zu gro√ü.
Result ¬± error
Bis 2100: 1,8¬∞C ¬± 23 Grad
https://t.co/LqHrGGUwcP"
1178581794872004608,1178582895931351040,1,1,1,1,1,1,0,0,0,0,,"@DB31200499 @ChristianG1984_ @reitschuster @mampel2000 Warum? Den Klimawandel gab es auch schon bevor es Menschen gab.

Bisher hat der Mensch auch den Klimawandel recht gut √ºberstanden. In der Bronzezeit hatten wir in unseren Breiten mediteranes Klima. Trotzdem gibt es noch Menschen."
1177650607945113603,1177991965331398657,1,1,0,1,1,0,0,0,0,0,"@LottaThiele @brutalheim Du unterst√ºtzt die AFD, eine Partei welche die Diskussion beenden m√∂chte. Ich empfehle Dir, die Wahl zu treffen keine Partei zu w√§hlen oder zu √ºberpr√ºfen, ob es eine Partei gibt, die an Demokratie interessiert ist und einen gemeinsamen Nenner von Deinen Interessen widerspiegelt.",
1176770547352580101,1176772955600236544,1,1,1,1,1,1,1,0,0,0,"@ThomasSigmundHB @fdp @handelsblatt @HoubenReinhard @c_lindner Deutschland lebt nur noch von seinem guten Ruf.
In Wirklichkeit wird nur noch gelogen und betrogen.
China hat Deutschland l√§ngst abgeh√§ngt!
Das ist nur noch nicht in den K√∂pfen angekommen, genau wie der #Klimawandel.","@VeitengruberMDP @ThomasSigmundHB @fdp @handelsblatt @HoubenReinhard @c_lindner Vor allem ist der #Klimawandel
gar nicht pr√§zise definiert

Damit sind s√§mtliche Behauptungen
zur Existenz eines KW
#wissenschaft|lich nicht √ºberpr√ºfbar

Sie stehen daher AUSSERHALB der #Wissenschaft
(das haben √ºbrigens auch fast alle #Kritiker
des #Klimawahn √ºbersehen

#SPD #AfD https://t.co/KV7JB3uNBn"
1177208675083202561,1177208921871847424,1,1,0,1,1,0,0,0,0,0,"Und ich kann keine der wahlwerbenden Parteien aus der Pflicht nehmen, denn bisher hat es kein*e Spitzenkandidat*in geschafft, die Frage nach der Aufnahme v. Bootsfl√ºchtlingen uneingeschr√§nkt &amp; √ºberzeugt mit ""Ja, nat√ºrlich!"" zu beantworten.",In Anbetracht historisch niedriger Antragszahlen &amp; leerstehender Aufnahmezentren ist das bemerkenswert und tr√§gt eben auch zum generellen gesellschaftlichen Klima gg. Migrant*innen und Gefl√ºchteten bei.
1179416897470812166,1179445790877667328,1,1,1,0,1,1,0,0,0,0,"Schon wieder. Und wer war das eigentlich in #Kreuzberg, Niederbayern oder Ostfriesen? Und wo haben diese jungen Kerle das Geld f√ºr diese Luxusautos her? ""Hochzeitskorso  gestoppt - Polizei beschlagnahmt Autos"" https://t.co/BoHN7qkAd2","@Michael_Leh Junge B√§rtige im Luxusschlitten auf Harz 4.
Wo ist die Steuerfahndung, wenn man sie braucht?
Und was machen die Klima-Jakobiner? Im Kiez der B√§rtigen demonstrieren sie jedenfalls nicht. Auch SUFFs werden dort eher selten beklebt. Zu gef√§hrlich."
1178201137947779072,1178207095327531008,1,1,0,0,1,0,0,0,0,0,,@selberdenkender @ZDFheute Die Wetterprognosen werden wie vieles anderere in Computermodellen berechnet in die physikalische Begebenheiten und Gesetze eingesetzt sind. Danach berechnen sie numerisch wie das System sich weiter verh√§lt.
1178334067768602624,1178347711747285002,1,1,1,1,1,1,0,0,0,0,,"@sklave_david @Stohrm2 @karlheinz_e Du scheinst nicht verstanden zu haben, dass das Klima OHNE UNSER ZUTUN sich erst in 1500 Jahren um 2 Grad erh√∂ht h√§tte... Bitte: informier dich, denn die allermeisten @AfD -ler bilden sich ein, dass die Klimakriese nur von uns Deutschen herbeigeredet w√ºrdeü§¶üèº‚Äç‚ôÄÔ∏èü§¶üèº‚Äç‚ôÄÔ∏èü§¶üèº‚Äç‚ôÄÔ∏è"
1178689745834127360,1178690106829336578,1,1,1,1,1,0,1,0,0,0,"@narimoldi @Vivi_Kaegi @jglpCH @grunliberale Hab dir nicht Hetze vorgeworfen, nur betont, dass jemand der austeilt nicht allzu d√ºnnh√§utig agieren sollte.
Wer, Stand Heute, den Bau von KKW unterst√ºtzt verschiebt lediglich das Problem. Beides hinterl√§sst k√ºnftigen Generationen ein unzumutbares Erbe.",@91Fankhauser @Vivi_Kaegi @jglpCH @grunliberale Falsche Interpretation. Ich teile sachlich aus. Ihr schiesst auf die Person. #adhominem. Nein: Laut #IPCC retten nur neue #KKW das Klima. Dieser Tatsache m√ºsst ihr euch offen stellen.
1179069685570134016,1179084597310742529,1,1,0,1,1,0,0,0,0,0,,
1179111443997822976,1179116938045337605,1,1,0,0,1,0,0,0,0,0,,"@Donauschleife Die Harmagedons glauben sogar:
Egal wie weit Menschen den Erdball verw√ºrsten,
das Klima vernichten
und wie weit bisher existierende Leben ausl√∂schen,
es wird alles wieder von selber gut!
Denn f√ºr was g√§be es die Wiedergeburt,
wem wir ruhig im gleichen Trott weiter machen k√∂nnen?! https://t.co/TipJqo7Tt7"
1172367652821426177,1178646295176712198,1,1,0,0,1,0,0,0,0,0,"@cducsubt @DaniLudwigMdB Aber auch bereits vorhandene #Biokraftstoffe geh√∂ren in den Energiemix. #Biomethan aus Reststoffen liefert schon jetzt nachhaltige Energie f√ºr Busse und LKW in Berlin, Augsburg und deutschlandweit und tr√§gt somit der Defossilisierung von √ñPNV und Lieferverkehr schon jetzt bei!",@Mozgovoy_Energy @cducsubt @DaniLudwigMdB Hanf kann &lt;75% der √ñlprodukte Klima neutral ersetzen!
1179022337737465863,1179042105467031556,1,1,1,0,1,1,0,0,0,0,,"@M_T_Franz Ich gehe einen Schritt weiter:

Klimwandel-Leugner, sind alle die behaupten der Mensch macht Klimawandel, denn diese unterstellen, ohne den Menschen w√ºrde sich Klima nicht wandeln."
1178757167664513024,1178758470335680517,1,1,0,1,1,0,0,0,0,0,So viel Geld soll die CO2-Bepreisung einbringen https://t.co/VqJdnnKfOM,
1178312204816437248,1178320110827778048,1,1,0,0,1,0,0,0,0,0,,
1176859256026480645,1177021537955827713,1,1,0,1,1,0,0,0,0,0,,"@AfD Der facto ist eines... Seit Jahrzehnten wurde der Beginn des Klimawandels bemerkt. Wie viele Jahre ist Merkel jetzt Kanzlerin? Was hat sie f√ºr das Klima und f√ºr den Umweltschutz getan? Diesel wurde Jahrelang gefeiert, die Industrie gedeckt und als besonderes gudi kam die (1/2)"
1176800372964376576,1176801958004449280,1,1,1,1,1,0,1,0,0,0,"Der #IPCC Bericht macht einmal mehr klar, dass der #Klimawandel die Existenz von Millionen von Menschen bedroht. Wir helfen dabei, die Folgen des steigenden Meeresspiegels f√ºr Entwicklungsl√§nder abzumildern. Mehr unter https://t.co/arKfIRTw52 https://t.co/ZzsnzPEwLb","@BMZ_Bund Vor allem verballern Sie #Deutschland|s #Steuermilliarden

#IPCC-Papiere beruhen nicht auf #Wissenschaft
das sollte sich endlich herumgesprochen haben

https://t.co/OpQ4ON96Fk

#Pseudowissenschaft #Scharlatanerie
#Klimawandel #Klimaschutz #Klimakrise
#SPD #CDU #CSU #AfD #FDP https://t.co/jkJ0ZaNZOu"
1176446031002836992,1176466101250732032,1,1,0,1,1,0,0,0,0,0,"Wir haben eine Verpflichtung, #CO2 ein Limit zu geben. Nur so werden wir den #Klimawandel bek√§mpfen k√∂nnen. Unser Ziel sollte es aber sein, dass f√ºr das Erreichen dieses CO2-Limits niemand seine freie Lebensweise aufgeben muss. Deshalb: Innovationen! CL #Verzicht https://t.co/QPU9pZvmd1",
1178568791753658368,1178584988910080000,1,1,0,1,1,0,0,0,0,0,"@isabelledaniel Das Migrationsthema ist heute noch aktueller, als das Klimathema. Die medialen Manipulationen dazu sind die gro√üe Gefahr.","@trombone53 @isabelledaniel Die Themen h√§ngen sehr zusammen. Wenn sich das Klima weiterhin so dramatisch erw√§rmt, werden u.a. erhebliche Teile Afrikas unbewohnbar --&gt; Migration."
1177542179167834112,1177575097093238787,1,1,0,0,1,0,0,0,0,0,,
1179763836137676800,1179775627274194944,1,1,0,1,1,0,0,0,0,0,"@EddyAges Die 15 gr√∂√üten Seeschiffe der Welt sto√üen j√§hrlich mehr sch√§dliche Schwefeloxide aus als alle 760 Millionen Autos weltweit. Wenn Luisa und Carla also bei ihrer Familie anfangen w√ºrden, dann k√∂nnten sie mehr f√ºr den Klimaschutz tun, als wenn ganz Deutschland nicht mehr Auto f√§hrt","@SonjadelaRosa7 Sie scheinen sich nicht gro√ü mit dem Thema befasst zu haben. Mehr Schwefeldioxid in der Luft w√ºrde die Erde eher abk√ºhlen, dem Klimawandel also entgegenwirken. Es w√ºrde aber der Umwelt durch sauren Regen schaden. Sie vermischen Klima- und Umweltschutz f√ºr weitere Scheinargumente"
1178950080159784962,1179048187069370368,1,1,0,0,1,0,0,0,0,0,"#Atomenergie eignet sich nicht als L√∂sung f√ºr den #Klimawandel, so der @nuclearreport. Zu einem √§hnlichen Ergebnis kommt #ESYS: Aufgrund steigender Investitionskosten &amp; Sicherheitsanforderungen sind #Kernkraftwerke k√ºnftig kaum konkurrenzf√§hig. https://t.co/BL20ARJS4P
@acatech_de https://t.co/jdWfJ3BFcp","@Projekt_ESYS @nuclearreport @acatech_de Habe es f√ºr euch pr√§zisiert: ""#Atomenergie eignet sich nicht als L√∂sung f√ºr den #Klimawandel, so der Bericht einer Anti-Atom-Organisation."""
1176105632950358016,1176171261396955143,1,1,0,0,1,0,0,0,0,0,"Das #Klimapaket kann die Klimakatastrophe nicht stoppen! @EskenSaskia @NowaboFM, werden Sie das durchgehen lassen? Die SPD muss sich entscheiden: Klimasch√ºtzer oder Klimaversager? https://t.co/4LFycEYmkn","@campact @EskenSaskia @NowaboFM Mehr noch:
62% laut #Deutschlandtrent wollen mehr #Klimaschutz!"
1179354643756994560,1180041091107692544,1,1,0,0,1,0,0,0,0,0,,"@thaideko @DWD_klima Richtig. Der CO2-Anteil der Luft ist nicht Ursache, sondern Wirkung der Temperatur-√Ñnderung."
1178978196634705921,1178979093519507456,1,1,0,0,1,0,0,0,0,0,"@merkelfisch @LarsVoges @Jumpsteady @ARD_Presse @DasErste Wenn wir nicht alle im selben Boot s√§√üen, w√§re mir das Geschwafel echt egal.
Aber wir sind leider gemeinsam auf der #Titanik.
Galilei, Bruno, Kopernikus etc. w√§ren heute bei #ScientistsForFuture.
Inquisition ist heute #Kapitalismusdiktatur
#Kapitalismus wird ja hier verteidigt. https://t.co/fVUwdHSrJr",
1178352635264536576,1178353516856913920,1,1,0,1,1,0,0,0,0,0,"@Twitschertroll @UJF_tweet @Jumpsteady @Balelt41 @dieternuhr Durch den Klimawandel werden die Anbaugebieter geringer werden, die Ernten werden geringer durch D√ºrren und Starkregen.

Sp√§testens dann d√ºrfte auch Ihnen auffallen das man Technik nicht essen kann und Technik allein kein essen auf den Tisch bringt üòâ",
1177714981292384259,1177715628989390848,1,1,1,0,1,0,1,0,0,0,"@EconomicEthics Wurde vor rund einer Dekade mal bez√ºgl. Bepreisungsmodellen im Umfeld des EU-Emissionszertifikatehandels diskutiert: Edenhofer (Chef√∂konom Potsdam Institut) forderte CO2-Produktz√∂lle, damit Produktion nicht in Drittl√§nder verlagert und belast. Produkte importiert werden. 

2/n","@EconomicEthics Regulierungswirkung auf CO2-Gesamtaussto√ü war umstritten (Studie von selbigem Potsdam Institut, Medienbericht z.B. hier:
https://t.co/IS14zUphIz )

3/n"
1177145172544630784,1177164629245661185,1,1,1,0,1,1,1,0,0,0,,"@NEX3up @KoeppelRoger Ja, sie l√ºgen. Weil ihr Job vom Klima-Konsens abh√§ngt.  Aus erster Quelle: namhaftes Forschunginstitut produziert modellierte Klimaszenarien ""auf  Wunsch"". Ja, alles nur Modelle!!"
1177286292347990016,1177301063709462528,1,1,1,0,1,0,1,0,0,0,"@Knutti_ETH Und wenn wir das schaffen, haben wir Wirtschaft und Wohlstand ruiniert, aber global NICHTS f√ºr da Klima getan (ausser vielleicht wieder einmal ein Zeichen gesetzt)","@swisslaw1 @Knutti_ETH Gem Eurobarometer-Umfrage 2019 zum #Klimawandel stehen Sie mit Ihrer Meinung relativ einsam da:
- 92% bejahen die CO2-Neutralit√§t per 2050
- 79% sehen darin eine Chance f√ºr die Wirtschaft
https://t.co/joUd4K5SvO"
1178332151827369990,1178337836438888448,1,1,0,0,1,0,0,0,0,0,@Grandpa_Lion @Storch_i @Jumpsteady @dieternuhr Der Gro√üteil der Wissenschaftler die sich mit dem Thema besch√§ftigen ist der Meinung das der Klimawandel von Menschengemacht ist. Denen glaube ich. Aber auch wenn es anders w√§re und der Mensch nur einen Anteil h√§tte m√ºssen wir alles tun um diesen Wandel zu verlangsamen. 1/3,"@Boesegucker @Storch_i @Jumpsteady @dieternuhr Mit dem Glauben war es schon immer so eine Sache.
Das Klima hat sich seit Beginn der Welt immerfort gewandelt. Daran hat sich bis heute nichts ge√§ndert.
Wissenschaftler, die den aktuellen Klimawandel ausschlie√ülich auf menschlichen Einfluss zur√ºckf√ºhren, verbreiten Fakenews."
1177864215706689537,1177866858357239808,1,1,0,0,1,0,0,0,0,0,"√úbrigens: Greta Th. hat lediglich die 9j√§hrige Grundschule absolviert, sie hat noch keine weiterf√ºhrende Schule besucht. Kein Gymnasium, kein Studium, keine Berufsausbildung. Sie hat noch nichts Wertsch√∂pfendes geleistet. Sie kann nicht frei reden, nur Vorgetextetes ablesen.","@olivergorus Sie w√§re auch lieber zur Schule gegangen, sagt sie, wenn das Klima nicht so schlimm w√§re."
1178950588710694913,1179106413521584132,1,1,0,1,1,0,0,0,0,0,,"@Sebbel2 @ralphruthe @MagBo77 Doch hab ich. Leute die sich selber f√ºr's Klima Null einschr√§nken wollen erz√§hlen anderen worauf sie verzichten sollen. Die einzige ""umweltfreundliche"" Fortbewegung ist √ºbrigens zu Fu√ü. Btw verbrauchen B√ºcher Papier. Ist der 2te Angstwiderspruch. B√§ume, verstehste?!"
1177189753776693249,1177192741597564929,1,1,0,0,1,0,0,0,0,0,,
1178966428671778816,1179105143872278528,1,1,0,1,1,0,0,0,0,0,"""#Massentierhaltung kommt im Klimaschutzpaket nicht vor?"" Matthias #Miersch beantwortet Eure #Klimafragen. Weitere Antworten gibt es hier: https://t.co/BMldSOoHiD #Klimapaket #Tierhaltung https://t.co/vUG1XpNhJ6",
1179335909709402112,1179337070218747905,1,1,0,0,1,0,0,0,0,0,@PeterMl20418382 @FridayForFuture Was von den aufgez√§hlten Sachen hat die CSU denn nicht gemacht? Wo genau wurde in diesem Tweet gelogen?,
1177948935215865856,1177949986425843712,1,1,0,1,1,0,0,0,0,0,"@Cfni8 @lawyerberlin @DigitalerC Jede seri√∂se Quelle w√ºrde sagen, dass Computermodelle keine Beweise sind f√ºr zuk√ºnftiges Klima und wenn ich mich dennoch f√ºr solche interessiere, dann nicht einseitig.","@sandra310872 @lawyerberlin @DigitalerC Also die Computer modelle sind eine Verarbeitung der Daten die √ºber Treibhausgas und deren Anteile in der Atmosph√§re gewonnen worden, ich verstehe nicht, was daran unseri√∂s ist. 
die Diagramme auf die sich meistensbezogen wird stammen √ºbrigens nicht von diesen Programmen,"
1177887172466298880,1177889342955692033,1,1,0,1,1,0,0,0,0,0,In seiner Zeit als Londoner B√ºrgermeister soll #Johnson das ehemalige Model Jennifer #Arcuri anderem finanziell gef√∂rdert haben ‚Äì mit Steuermitteln. Nun pr√ºft eine Beh√∂rde die Vorg√§nge: https://t.co/Pnmw3b7BaG,
1177105489341104128,1177188189238374400,1,1,0,1,1,0,0,0,0,0,"@leostei @Dianaownz100 @FFF_Berlin @Luisamneubauer Sie kommen gedanklich nicht aus Ihrer Blase heraus, oder?
Es gibt leider Gr√ºnde warum Menschen soweit fahren m√ºssen. Finanziell (lebt im geerbten Haus, nicht genug Geld in die Stadt zu ziehen) oder beide Partner haben Jobs in entgegengesetzte Richtungen etc. ...
#Tellerrand",
1180065959501090816,1180148764624994305,1,1,0,0,1,0,0,0,0,0,"@gabusch61 @klausrg @DietrichNis Besch√§ftigen Sie sich einmal genau mot dem D√ºnnpfiff welchen die AfD von sich gibt. Wenn Sie Freiheit w√§hlen wollen, dann w√§hlen Sie nicht AfD. Damit w√§hlen Sie Idioten, Faschisten und Klimawandelleugner. Und das ist weder f√ºr uns noch f√ºr Europa gesund.","@2aeugigerZyklop Die Afd hat noch nie den Klimawandel geleugnet ,sondern den CO2 Einfluss und steht da nicht alleine . √úbrigens der Nazi Putin zweifelt den CO2 Einfluss auf das Klima auch an. Ich denke auch die Russen haben Wissenschaftler oder nicht?"
1179675225329471488,1179854166673547266,1,1,0,1,1,0,0,0,0,0,"@Nordlic77787447 @Graf_Icker @SPIEGELONLINE Genau. Und da ist das dann auch shitegal, wenn das wissenschaftlich begr√ºndet ist und man selber nur ad hominem Argumente liefern kann. Pr√ºft doch mal die Positionen statt jeder Springer Meinung hinterher zu jagen!",
1178076725412020225,1178169917998321665,1,1,0,1,1,0,0,0,0,0,@LahorJakrlin @s_sommaruga Soll sie denn gegen das Klima protestieren?,"@samkrieg @s_sommaruga Sie verdient am Sozialismus und am ""Klima"" √ºber CHF 400'000.- im Jahr. Das ist wohl die schr√§gste Ausgangslage um zu demonstrieren. 
#Dekadenz"
1178228612908097536,1178241628735250432,1,1,0,0,1,0,0,0,0,0,Greta nervt mich. Aber ich will es nicht wahrhaben. Ein Bericht √ºber ein widerstreitendes Gef√ºhl von @feminaprinceps https://t.co/xHzCOmffmY,
1178064103274930177,1178067470760005632,1,1,1,0,1,0,1,0,0,0,,"@riftgood Durch das Laub wird keine nennenswerte Menge CO2 gebunden, laut diesem schematischen Diagramm - das Holz ist viel wichtiger: https://t.co/ntGZQFggxn"
1180086841518768128,1180107007296200705,1,1,0,0,1,0,0,0,0,0,@fridaysvib @MDRAktuell @klima_netz Von Indien lernen hei√üt siegen lernen: https://t.co/QKYWYjx0hl,@MartinStraube1 @fridaysvib @MDRAktuell @klima_netz Indien? Aber die tun doch angeblich gar nichts... üôÑ
1178423465390546946,1178792207203127296,1,1,0,1,1,0,0,0,0,0,"Sturm drau√üen. Noch vor ein paar Jahren war Sturm Sturm. Heutzutage beunruhigt er und treibt Fragen in den Kopf: Wie stark wird er heute werden? Wie wird es in Zukunft? Wie werden wir leben in einer Welt in der #Klimakrise? Wie leben unsere Kinder? 

Wir m√ºssen umsteuern. Jetzt!","@peter_simone Ihre Wetter-und Klima-Vorhersage, Frau Peter, grenzt an Hochstapelei. Ich m√∂chte gar nicht sagen, wie sich die Menschen nennen, die die gleiche Hysterie verbreiten. Fr√ºher ist man f√ºr Hochstapelei in den Knast gegangen."
